group,group_label,contact_mode,contact_label,threshold,threshold_reached,time_ps,time_ns,err_low_ps,err_low_ns,err_high_ps,err_high_ns,err_sym_ps,err_sym_ns
G1_Wcluster_alhx0,$\mathrm{IDP}_{50}$,any_nac_to_nac_bb,Any BB-BB contact,1/e,True,2142.1647761618083,2.1421647761618083,46.379471905662285,0.04637947190566229,46.48791855122363,0.04648791855122363,46.48791855122363,0.04648791855122363
G2_Wcluster_alhx700,$\mathrm{Hel}_{50}$,any_nac_to_nac_bb,Any BB-BB contact,1/e,True,2533.4458070413048,2.533445807041305,200.04432060833324,0.20004432060833324,196.08946065271948,0.19608946065271948,200.04432060833324,0.20004432060833324
G3_Onmem_plus,$\mathrm{IDP}_{50}$-Mem,any_nac_to_nac_bb,Any BB-BB contact,1/e,True,2178.0390958125713,2.1780390958125713,21.048268027403992,0.02104826802740399,21.05930977448861,0.02105930977448861,21.05930977448861,0.02105930977448861
G4_Onmem_wall,$\mathrm{Hel}_{10}\mathrm{IDP}_{40}$-Mem,any_nac_to_nac_bb,Any BB-BB contact,1/e,True,2221.2378724522505,2.2212378724522504,33.09215856681203,0.03309215856681203,33.3667647827624,0.033366764782762404,33.3667647827624,0.033366764782762404
G1_Wcluster_alhx0,$\mathrm{IDP}_{50}$,three_symmetric_nac_bb,Any 3 banded symmetric BB contacts,1/e,True,1470.7909915327557,1.4707909915327557,25.73285044452018,0.025732850444520183,25.722406923787958,0.02572240692378796,25.73285044452018,0.025732850444520183
G2_Wcluster_alhx700,$\mathrm{Hel}_{50}$,three_symmetric_nac_bb,Any 3 banded symmetric BB contacts,1/e,True,1858.713929446712,1.8587139294467119,21.467381027867305,0.021467381027867303,22.056452332225035,0.022056452332225036,22.056452332225035,0.022056452332225036
G3_Onmem_plus,$\mathrm{IDP}_{50}$-Mem,three_symmetric_nac_bb,Any 3 banded symmetric BB contacts,1/e,True,1512.0451076896163,1.5120451076896164,7.821846556350465,0.007821846556350464,7.979200492947484,0.007979200492947484,7.979200492947484,0.007979200492947484
G4_Onmem_wall,$\mathrm{Hel}_{10}\mathrm{IDP}_{40}$-Mem,three_symmetric_nac_bb,Any 3 banded symmetric BB contacts,1/e,True,1521.3726550747015,1.5213726550747015,23.132313015175214,0.023132313015175213,23.23061243385655,0.02323061243385655,23.23061243385655,0.02323061243385655
G1_Wcluster_alhx0,$\mathrm{IDP}_{50}$,symmetric_nac_bb,Any 1 banded symmetric BB contact,1/e,True,1832.7911667420792,1.8327911667420793,29.850040069653232,0.029850040069653232,30.11097884090691,0.03011097884090691,30.11097884090691,0.03011097884090691
G2_Wcluster_alhx700,$\mathrm{Hel}_{50}$,symmetric_nac_bb,Any 1 banded symmetric BB contact,1/e,True,2152.729697182321,2.152729697182321,161.84722750231413,0.16184722750231412,163.85391107498072,0.1638539110749807,163.85391107498072,0.1638539110749807
G3_Onmem_plus,$\mathrm{IDP}_{50}$-Mem,symmetric_nac_bb,Any 1 banded symmetric BB contact,1/e,True,1874.28735271492,1.87428735271492,11.38508991607955,0.01138508991607955,11.275177722178114,0.011275177722178113,11.38508991607955,0.01138508991607955
G4_Onmem_wall,$\mathrm{Hel}_{10}\mathrm{IDP}_{40}$-Mem,symmetric_nac_bb,Any 1 banded symmetric BB contact,1/e,True,1862.4292124385079,1.8624292124385078,13.86473692788877,0.01386473692788877,14.032984000969918,0.014032984000969919,14.032984000969918,0.014032984000969919
G1_Wcluster_alhx0,$\mathrm{IDP}_{50}$,triplet_symmetric_nac_bb,3 consecutive banded symmetric BB contacts,1/e,True,1045.1251513961622,1.0451251513961621,47.939969710848345,0.047939969710848344,53.06990497890047,0.05306990497890047,53.06990497890047,0.05306990497890047
G2_Wcluster_alhx700,$\mathrm{Hel}_{50}$,triplet_symmetric_nac_bb,3 consecutive banded symmetric BB contacts,1/e,True,1378.8997901027192,1.3788997901027191,237.2882930951987,0.2372882930951987,239.87494580763223,0.23987494580763222,239.87494580763223,0.23987494580763222
G3_Onmem_plus,$\mathrm{IDP}_{50}$-Mem,triplet_symmetric_nac_bb,3 consecutive banded symmetric BB contacts,1/e,True,1054.4618482547528,1.0544618482547528,1.9545126043908567,0.0019545126043908566,1.9970691660589637,0.0019970691660589636,1.9970691660589637,0.0019970691660589636
G4_Onmem_wall,$\mathrm{Hel}_{10}\mathrm{IDP}_{40}$-Mem,triplet_symmetric_nac_bb,3 consecutive banded symmetric BB contacts,1/e,True,1061.6620034824687,1.0616620034824686,33.97148206582574,0.03397148206582574,33.15648985624648,0.03315648985624648,33.97148206582574,0.03397148206582574
