group,group_label,trajectory,xtc,n_events,mean_lifetime_ps,median_lifetime_ps,max_lifetime_ps,t_1e_ps,t_01_ps,dt_ps,n_frames,n_chains,chain_selection,n_selected_chains,selected_chain_start,selected_chain_end,chain_filter_method,cluster_dist_cutoff_A,radius_limit_A,n_valid_chains,n_pairs,n_valid_pairs,n_contact_sites_per_pair,n_triplets_per_pair,n_banded_residue_pairs,contact_mode,contact_label,event_unit,contact_cutoff_nm,antisymmetric_sum_target,antisymmetric_sum_window,banded_triplet_definition
G1_Wcluster_alhx0,$\mathrm{IDP}_{50}$,1,/data/jychen/MD_projects/curvature_phase/Alpha-Synuclein/martini3001/Martini_alhx/mdrun/M3IDP/W_cluster/alhx_0/TR_Mdvwhole/clus_centered.xtc,49498,3041.658248818134,2000.0,203000.0,1722.030352754678,6143.5244161358805,1000.0,10001,50,all,50,0,49,largest_cluster,8.0,100.0,49,1225,1176,1,43,619,antisymmetric_nac_bb,Any 1 banded antisymmetric C-ter BB,chain_pair,0.8,236.0,8.0,partner_consecutive_v2
G1_Wcluster_alhx0,$\mathrm{IDP}_{50}$,2,/data/jychen/MD_projects/curvature_phase/Alpha-Synuclein/martini3001/Martini_alhx/mdrun/M3IDP/W_cluster/alhx_0_re1/TR_Mdvwhole/clus_centered.xtc,38835,3056.7014291232135,2000.0,125000.0,1732.7092240821678,6137.953367875647,1000.0,10001,50,all,50,0,49,largest_cluster,8.0,100.0,44,1225,946,1,43,619,antisymmetric_nac_bb,Any 1 banded antisymmetric C-ter BB,chain_pair,0.8,236.0,8.0,partner_consecutive_v2
G1_Wcluster_alhx0,$\mathrm{IDP}_{50}$,3,/data/jychen/MD_projects/curvature_phase/Alpha-Synuclein/martini3001/Martini_alhx/mdrun/M3IDP/W_cluster/alhx_0_re2/TR_Mdvwhole/clus_centered.xtc,41384,2965.808041755268,1000.0,111000.0,1701.454418550557,5867.938237965485,1000.0,10001,50,all,50,0,49,largest_cluster,8.0,100.0,46,1225,1035,1,43,619,antisymmetric_nac_bb,Any 1 banded antisymmetric C-ter BB,chain_pair,0.8,236.0,8.0,partner_consecutive_v2
G2_Wcluster_alhx700,$\mathrm{Hel}_{50}$,1,/data/jychen/MD_projects/curvature_phase/Alpha-Synuclein/martini3001/Martini_alhx/mdrun/M3IDP/W_cluster/alhx_700/TR_Mdvwhole/clus_centered.xtc,35738,3827.830320667077,2000.0,399000.0,1815.8249615007103,7218.355640535373,1000.0,10001,50,all,50,0,49,largest_cluster,8.0,100.0,44,1225,946,1,43,619,antisymmetric_nac_bb,Any 1 banded antisymmetric C-ter BB,chain_pair,0.8,236.0,8.0,partner_consecutive_v2
G2_Wcluster_alhx700,$\mathrm{Hel}_{50}$,2,/data/jychen/MD_projects/curvature_phase/Alpha-Synuclein/martini3001/Martini_alhx/mdrun/M3IDP/W_cluster/alhx_700_re1/TR_Mdvwhole/clus_centered.xtc,40023,3670.664367988407,2000.0,371000.0,1825.5639404657563,7144.6372239747625,1000.0,10001,50,all,50,0,49,largest_cluster,8.0,100.0,46,1225,1035,1,43,619,antisymmetric_nac_bb,Any 1 banded antisymmetric C-ter BB,chain_pair,0.8,236.0,8.0,partner_consecutive_v2
G2_Wcluster_alhx700,$\mathrm{Hel}_{50}$,3,/data/jychen/MD_projects/curvature_phase/Alpha-Synuclein/martini3001/Martini_alhx/mdrun/M3IDP/W_cluster/alhx_700_re2/TR_Mdvwhole/clus_centered.xtc,33814,3823.9486603182113,2000.0,775000.0,1832.7262170743206,7376.653696498054,1000.0,10001,50,all,50,0,49,largest_cluster,8.0,100.0,43,1225,903,1,43,619,antisymmetric_nac_bb,Any 1 banded antisymmetric C-ter BB,chain_pair,0.8,236.0,8.0,partner_consecutive_v2
G3_Onmem_plus,$\mathrm{IDP}_{50}$-Mem,1,/data/jychen/MD_projects/curvature_phase/Alpha-Synuclein/martini3001/Martini_alhx/mdrun/M3IDP/Onmem/muti_chain/POPC7-POPG3/alhx_0_plus1/TR_Mdvwhole/clus_centered.xtc,26461,3082.1586485771513,2000.0,152000.0,1738.373580552402,6161.163227016886,1000.0,10001,50,last_40,40,10,49,largest_cluster,8.0,100.0,35,1225,595,1,43,619,antisymmetric_nac_bb,Any 1 banded antisymmetric C-ter BB,chain_pair,0.8,236.0,8.0,partner_consecutive_v2
G3_Onmem_plus,$\mathrm{IDP}_{50}$-Mem,2,/data/jychen/MD_projects/curvature_phase/Alpha-Synuclein/martini3001/Martini_alhx/mdrun/M3IDP/Onmem/muti_chain/POPC7-POPG3/alhx_0_plus2/TR_Mdvwhole/clus_centered.xtc,29538,3167.885435709933,2000.0,123000.0,1782.7163774357036,6408.726003490401,1000.0,10001,50,last_40,40,10,49,largest_cluster,8.0,100.0,35,1225,595,1,43,619,antisymmetric_nac_bb,Any 1 banded antisymmetric C-ter BB,chain_pair,0.8,236.0,8.0,partner_consecutive_v2
G3_Onmem_plus,$\mathrm{IDP}_{50}$-Mem,3,/data/jychen/MD_projects/curvature_phase/Alpha-Synuclein/martini3001/Martini_alhx/mdrun/M3IDP/Onmem/muti_chain/POPC7-POPG3/alhx_0_plus3/TR_Mdvwhole/clus_centered.xtc,27574,3113.9841880031913,1000.0,114000.0,1736.6050393072785,6338.043478260869,1000.0,10001,50,last_40,40,10,49,largest_cluster,8.0,100.0,34,1225,561,1,43,619,antisymmetric_nac_bb,Any 1 banded antisymmetric C-ter BB,chain_pair,0.8,236.0,8.0,partner_consecutive_v2
G4_Onmem_wall,$\mathrm{Hel}_{10}\mathrm{IDP}_{40}$-Mem,1,/data/jychen/MD_projects/curvature_phase/Alpha-Synuclein/martini3001/Martini_alhx/mdrun/M3IDP/Onmem/muti_chain/POPC7-POPG3/alhx_700_WALL1/TR_Mdvwhole/clus_centered.xtc,30163,3227.8951032722207,2000.0,161000.0,1794.9721511125726,6541.029900332225,1000.0,10001,50,all,50,0,49,largest_cluster,8.0,100.0,33,1225,528,1,43,619,antisymmetric_nac_bb,Any 1 banded antisymmetric C-ter BB,chain_pair,0.8,236.0,8.0,partner_consecutive_v2
G4_Onmem_wall,$\mathrm{Hel}_{10}\mathrm{IDP}_{40}$-Mem,2,/data/jychen/MD_projects/curvature_phase/Alpha-Synuclein/martini3001/Martini_alhx/mdrun/M3IDP/Onmem/muti_chain/POPC7-POPG3/alhx_700_WALL2/TR_Mdvwhole/clus_centered.xtc,26771,3037.1670837846923,2000.0,125000.0,1742.6941928288738,6032.486388384755,1000.0,10001,50,all,50,0,49,largest_cluster,8.0,100.0,29,1225,406,1,43,619,antisymmetric_nac_bb,Any 1 banded antisymmetric C-ter BB,chain_pair,0.8,236.0,8.0,partner_consecutive_v2
G4_Onmem_wall,$\mathrm{Hel}_{10}\mathrm{IDP}_{40}$-Mem,3,/data/jychen/MD_projects/curvature_phase/Alpha-Synuclein/martini3001/Martini_alhx/mdrun/M3IDP/Onmem/muti_chain/POPC7-POPG3/alhx_700_WALL3/TR_Mdvwhole/clus_centered.xtc,44527,3154.4456172659284,2000.0,116000.0,1785.7770179343697,6319.588875453446,1000.0,10001,50,all,50,0,49,largest_cluster,8.0,100.0,41,1225,820,1,43,619,antisymmetric_nac_bb,Any 1 banded antisymmetric C-ter BB,chain_pair,0.8,236.0,8.0,partner_consecutive_v2
