group,bin,r_nm,mean_density_mg_ml,sd_density_mg_ml,fit_density_mg_ml,rho_dense_fit_mg_ml,rho_dilute_fit_mg_ml,deltaG_fit_kj_mol
$\text{IDP}_{50}$,0,0.14775175094604492,524.2890500844215,8.101036429730607,523.3077059872387,523.9500121811324,0.06886782753112858,-23.033590768873527
$\text{IDP}_{50}$,1,0.4432552528381347,527.3648314263938,11.096307924912272,523.125523176624,523.9500121811324,0.06886782753112858,-23.033590768873527
$\text{IDP}_{50}$,2,0.7387587547302246,530.3304268379918,12.309462087655346,522.891770803954,523.9500121811324,0.06886782753112858,-23.033590768873527
$\text{IDP}_{50}$,3,1.0342622566223143,528.1862663199139,14.515518004915869,522.5919189434001,523.9500121811324,0.06886782753112858,-23.033590768873527
$\text{IDP}_{50}$,4,1.3297657585144043,526.5378007580404,15.323281728733477,522.2073874844457,523.9500121811324,0.06886782753112858,-23.033590768873527
$\text{IDP}_{50}$,5,1.625269260406494,523.526384334124,13.286807847300215,521.7144453402686,523.9500121811324,0.06886782753112858,-23.033590768873527
$\text{IDP}_{50}$,6,1.9207727622985835,519.8686822697736,10.437495697778271,521.0828286823719,523.9500121811324,0.06886782753112858,-23.033590768873527
$\text{IDP}_{50}$,7,2.216276264190674,517.8491173175697,8.779677220669571,520.2740183479295,523.9500121811324,0.06886782753112858,-23.033590768873527
$\text{IDP}_{50}$,8,2.511779766082763,516.1051594421251,8.779278237641021,519.2391118288147,523.9500121811324,0.06886782753112858,-23.033590768873527
$\text{IDP}_{50}$,9,2.807283267974854,513.7845048808709,6.89111118257087,517.916226382433,523.9500121811324,0.06886782753112858,-23.033590768873527
$\text{IDP}_{50}$,10,3.102786769866943,511.7683888941153,6.349123777916423,516.2273823648866,523.9500121811324,0.06886782753112858,-23.033590768873527
$\text{IDP}_{50}$,11,3.398290271759033,509.0067424474089,5.899921919452396,514.074848735237,523.9500121811324,0.06886782753112858,-23.033590768873527
$\text{IDP}_{50}$,12,3.693793773651123,506.29873992764243,5.23564137361101,511.3369992378962,523.9500121811324,0.06886782753112858,-23.033590768873527
$\text{IDP}_{50}$,13,3.989297275543213,503.2158827705708,4.298710509382511,507.8638471651208,523.9500121811324,0.06886782753112858,-23.033590768873527
$\text{IDP}_{50}$,14,4.2848007774353025,499.6803996809712,3.1535990487053938,503.47262382146306,523.9500121811324,0.06886782753112858,-23.033590768873527
$\text{IDP}_{50}$,15,4.580304279327392,494.79633019744625,2.470230196170065,497.9440690408495,523.9500121811324,0.06886782753112858,-23.033590768873527
$\text{IDP}_{50}$,16,4.875807781219482,488.08899449738027,1.5640024337024592,491.02053387788476,523.9500121811324,0.06886782753112858,-23.033590768873527
$\text{IDP}_{50}$,17,5.171311283111573,479.3537490156137,1.204733068341317,482.40755265164796,523.9500121811324,0.06886782753112858,-23.033590768873527
$\text{IDP}_{50}$,18,5.4668147850036615,468.58885760550794,1.6095385646288851,471.78115772550234,523.9500121811324,0.06886782753112858,-23.033590768873527
$\text{IDP}_{50}$,19,5.762318286895751,454.87666031476675,2.39151153929401,458.8037014304264,523.9500121811324,0.06886782753112858,-23.033590768873527
$\text{IDP}_{50}$,20,6.057821788787842,438.351362537203,3.5575488612067065,443.15095413246763,523.9500121811324,0.06886782753112858,-23.033590768873527
$\text{IDP}_{50}$,21,6.353325290679932,419.32077523110405,4.638579924671227,424.5522146963891,523.9500121811324,0.06886782753112858,-23.033590768873527
$\text{IDP}_{50}$,22,6.648828792572021,397.54269364071865,5.612359091469576,402.84248900028547,523.9500121811324,0.06886782753112858,-23.033590768873527
$\text{IDP}_{50}$,23,6.944332294464109,373.201279253068,6.051999623176859,378.0211798338888,523.9500121811324,0.06886782753112858,-23.033590768873527
$\text{IDP}_{50}$,24,7.239835796356201,346.418439782942,6.142860893224424,350.30587285047045,523.9500121811324,0.06886782753112858,-23.033590768873527
$\text{IDP}_{50}$,25,7.535339298248291,317.75100272004124,6.237419904181266,320.16491836916344,523.9500121811324,0.06886782753112858,-23.033590768873527
$\text{IDP}_{50}$,26,7.830842800140379,287.75635299080506,5.964858979472087,288.3120852765977,523.9500121811324,0.06886782753112858,-23.033590768873527
$\text{IDP}_{50}$,27,8.12634630203247,257.16206512960883,5.517472786114695,255.65355882311155,523.9500121811324,0.06886782753112858,-23.033590768873527
$\text{IDP}_{50}$,28,8.421849803924559,226.96242753346777,4.664769603596833,223.1915618992156,523.9500121811324,0.06886782753112858,-23.033590768873527
$\text{IDP}_{50}$,29,8.71735330581665,197.59190441885042,3.6119739254774124,191.9045687543462,523.9500121811324,0.06886782753112858,-23.033590768873527
$\text{IDP}_{50}$,30,9.01285680770874,169.62083778615357,2.496919622721318,162.63341054564745,523.9500121811324,0.06886782753112858,-23.033590768873527
$\text{IDP}_{50}$,31,9.308360309600829,143.54509325871732,1.407577161365594,136.00017318059884,523.9500121811324,0.06886782753112858,-23.033590768873527
$\text{IDP}_{50}$,32,9.60386381149292,119.92498244794565,0.3118793749511068,112.374074086152,523.9500121811324,0.06886782753112858,-23.033590768873527
$\text{IDP}_{50}$,33,9.899367313385008,98.80213117882495,0.43032790235699037,91.88256248563599,523.9500121811324,0.06886782753112858,-23.033590768873527
$\text{IDP}_{50}$,34,10.194870815277099,80.27583610267384,1.140268243407033,74.45423812059889,523.9500121811324,0.06886782753112858,-23.033590768873527
$\text{IDP}_{50}$,35,10.49037431716919,64.44379539074264,1.5687952562564595,59.876267007867796,523.9500121811324,0.06886782753112858,-23.033590768873527
$\text{IDP}_{50}$,36,10.785877819061279,51.23786387855376,1.823415857920184,47.85156738077595,523.9500121811324,0.06886782753112858,-23.033590768873527
$\text{IDP}_{50}$,37,11.08138132095337,40.37050832097702,1.9074122922092527,38.04666832225675,523.9500121811324,0.06886782753112858,-23.033590768873527
$\text{IDP}_{50}$,38,11.376884822845458,31.520024612175874,1.8587834837955144,30.12669056215293,523.9500121811324,0.06886782753112858,-23.033590768873527
$\text{IDP}_{50}$,39,11.672388324737549,24.458306117233253,1.7283057861592688,23.77777342204857,523.9500121811324,0.06886782753112858,-23.033590768873527
$\text{IDP}_{50}$,40,11.96789182662964,18.90391813148995,1.5236466191594518,18.719249001346412,523.9500121811324,0.06886782753112858,-23.033590768873527
$\text{IDP}_{50}$,41,12.263395328521728,14.548525824128172,1.3239765643629275,14.708420092797724,523.9500121811324,0.06886782753112858,-23.033590768873527
$\text{IDP}_{50}$,42,12.558898830413819,11.19630215294832,1.1325747567789095,11.54054905691359,523.9500121811324,0.06886782753112858,-23.033590768873527
$\text{IDP}_{50}$,43,12.854402332305906,8.605947212109317,0.9365678553791577,9.04609318901467,523.9500121811324,0.06886782753112858,-23.033590768873527
$\text{IDP}_{50}$,44,13.149905834197998,6.62153447278024,0.7720158518274505,7.0866148698679865,523.9500121811324,0.06886782753112858,-23.033590768873527
$\text{IDP}_{50}$,45,13.445409336090085,5.115494561532151,0.613788459237849,5.550283024521548,523.9500121811324,0.06886782753112858,-23.033590768873527
$\text{IDP}_{50}$,46,13.740912837982176,3.9640966435355787,0.4896570311784739,4.347502196904031,523.9500121811324,0.06886782753112858,-23.033590768873527
$\text{IDP}_{50}$,47,14.036416339874268,3.077364906847972,0.3838446996784485,3.406946761157485,523.9500121811324,0.06886782753112858,-23.033590768873527
$\text{IDP}_{50}$,48,14.331919841766355,2.400913186951073,0.2971803591281098,2.6721140674155777,523.9500121811324,0.06886782753112858,-23.033590768873527
$\text{IDP}_{50}$,49,14.627423343658446,1.880322130222399,0.2241871206456849,2.098414100931393,523.9500121811324,0.06886782753112858,-23.033590768873527
$\text{IDP}_{50}$,50,14.922926845550535,1.4850906702738038,0.17509536498477885,1.6507617009340834,523.9500121811324,0.06886782753112858,-23.033590768873527
$\text{IDP}_{50}$,51,15.218430347442625,1.183472294974924,0.1444775533622599,1.301613728011091,523.9500121811324,0.06886782753112858,-23.033590768873527
$\text{IDP}_{50}$,52,15.513933849334716,0.950778263947477,0.12130835515000034,1.0293862898057569,523.9500121811324,0.06886782753112858,-23.033590768873527
$\text{IDP}_{50}$,53,15.809437351226805,0.7632145950601581,0.10012059067871058,0.817188799020812,523.9500121811324,0.06886782753112858,-23.033590768873527
$\text{IDP}_{50}$,54,16.104940853118897,0.6209105949225879,0.08943029073149689,0.6518176630402763,523.9500121811324,0.06886782753112858,-23.033590768873527
$\text{IDP}_{50}$,55,16.400444355010983,0.5108602499014431,0.07863026265590685,0.5229601024505541,523.9500121811324,0.06886782753112858,-23.033590768873527
$\text{IDP}_{50}$,56,16.695947856903075,0.4210023858829044,0.07093596433280347,0.42256647998920016,523.9500121811324,0.06886782753112858,-23.033590768873527
$\text{IDP}_{50}$,57,16.991451358795167,0.35204425050460125,0.06448693552198208,0.34435683927108585,523.9500121811324,0.06886782753112858,-23.033590768873527
$\text{IDP}_{50}$,58,17.286954860687253,0.29691469903088574,0.05827014842339373,0.28343378115744144,523.9500121811324,0.06886782753112858,-23.033590768873527
$\text{IDP}_{50}$,59,17.582458362579345,0.2519501633270142,0.054530348518060066,0.23597926178592843,523.9500121811324,0.06886782753112858,-23.033590768873527
$\text{IDP}_{50}$,60,17.877961864471434,0.2196322051295249,0.052570373692736566,0.19901742164165626,523.9500121811324,0.06886782753112858,-23.033590768873527
$\text{IDP}_{50}$,61,18.173465366363523,0.18970530526606902,0.049430831597886485,0.17022924847719878,523.9500121811324,0.06886782753112858,-23.033590768873527
$\text{IDP}_{50}$,62,18.468968868255615,0.16680704655180842,0.047389721228356746,0.14780785662179596,523.9500121811324,0.06886782753112858,-23.033590768873527
$\text{IDP}_{50}$,63,18.764472370147704,0.14883888043961319,0.045965899582870694,0.1303455488272789,523.9500121811324,0.06886782753112858,-23.033590768873527
$\text{IDP}_{50}$,64,19.059975872039793,0.13215094098610689,0.04557872954213666,0.11674572151116536,523.9500121811324,0.06886782753112858,-23.033590768873527
$\text{IDP}_{50}$,65,19.355479373931882,0.11896782045664885,0.04598302167054726,0.10615417318956588,523.9500121811324,0.06886782753112858,-23.033590768873527
$\text{IDP}_{50}$,66,19.650982875823974,0.10804586247031221,0.04732623164920916,0.09790555744046969,523.9500121811324,0.06886782753112858,-23.033590768873527
$\text{IDP}_{50}$,67,19.946486377716063,0.10008893879361876,0.0491239253978521,0.09148165053233015,523.9500121811324,0.06886782753112858,-23.033590768873527
$\text{IDP}_{50}$,68,20.241989879608152,0.09358758707647657,0.04959545983929054,0.08647883242082344,523.9500121811324,0.06886782753112858,-23.033590768873527
$\text{IDP}_{50}$,69,20.537493381500244,0.08788503288526751,0.049920199073839405,0.0825827503884966,523.9500121811324,0.06886782753112858,-23.033590768873527
$\text{IDP}_{50}$,70,20.832996883392333,0.08272877099320951,0.05083828852143123,0.07954858088260153,523.9500121811324,0.06886782753112858,-23.033590768873527
$\text{IDP}_{50}$,71,21.128500385284422,0.07851926908715076,0.05188851676496813,0.07718565382651832,523.9500121811324,0.06886782753112858,-23.033590768873527
$\text{IDP}_{50}$,72,21.424003887176514,0.07568726271319208,0.05145316887671973,0.07534547596696939,523.9500121811324,0.06886782753112858,-23.033590768873527
$\text{IDP}_{50}$,73,21.719507389068603,0.07361448996229752,0.05232160290320126,0.0739124022987312,523.9500121811324,0.06886782753112858,-23.033590768873527
$\text{IDP}_{50}$,74,22.015010890960692,0.06995000680171566,0.05152363700906732,0.07279637034065445,523.9500121811324,0.06886782753112858,-23.033590768873527
$\text{IDP}_{50}$,75,22.31051439285278,0.0674544844432284,0.05097377021032886,0.0719272412663372,523.9500121811324,0.06886782753112858,-23.033590768873527
$\text{IDP}_{50}$,76,22.606017894744873,0.06435755937178722,0.04870771002268834,0.07125039262501787,523.9500121811324,0.06886782753112858,-23.033590768873527
$\text{IDP}_{50}$,77,22.901521396636962,0.06237651331809476,0.047491768335598754,0.07072328589515564,523.9500121811324,0.06886782753112858,-23.033590768873527
$\text{IDP}_{50}$,78,23.19702489852905,0.06025451867872359,0.04600056266200267,0.0703127932880534,523.9500121811324,0.06886782753112858,-23.033590768873527
$\text{IDP}_{50}$,79,23.492528400421143,0.05853925237301285,0.04428024905319768,0.06999311587884449,523.9500121811324,0.06886782753112858,-23.033590768873527
$\text{Hel}_{50}$,0,0.14787444114685058,578.7092941804868,114.25878801586329,620.8066437121605,623.2333789740901,0.21483183278798065,-20.548669918728187
$\text{Hel}_{50}$,1,0.44362332344055166,592.1875343150265,61.453050511613746,620.1948387058101,623.2333789740901,0.21483183278798065,-20.548669918728187
$\text{Hel}_{50}$,2,0.7393722057342529,609.3762341807233,28.95470732006084,619.4297367029142,623.2333789740901,0.21483183278798065,-20.548669918728187
$\text{Hel}_{50}$,3,1.035121088027954,624.5388391031312,18.556954328881336,618.4734617219583,623.2333789740901,0.21483183278798065,-20.548669918728187
$\text{Hel}_{50}$,4,1.3308699703216553,629.0664807686298,8.753480717274781,617.2790811524753,623.2333789740901,0.21483183278798065,-20.548669918728187
$\text{Hel}_{50}$,5,1.6266188526153562,621.9721960458559,12.484244834033495,615.788609892508,623.2333789740901,0.21483183278798065,-20.548669918728187
$\text{Hel}_{50}$,6,1.922367734909057,616.8939733254361,23.138344839441782,613.9306706644131,623.2333789740901,0.21483183278798065,-20.548669918728187
$\text{Hel}_{50}$,7,2.218116617202759,623.3973575237909,30.51680818199718,611.617807746871,623.2333789740901,0.21483183278798065,-20.548669918728187
$\text{Hel}_{50}$,8,2.5138654994964598,620.1709761354006,36.621904034629196,608.7434914963428,623.2333789740901,0.21483183278798065,-20.548669918728187
$\text{Hel}_{50}$,9,2.809614381790161,613.1098384407484,36.43874837758999,605.1789182135419,623.2333789740901,0.21483183278798065,-20.548669918728187
$\text{Hel}_{50}$,10,3.105363264083862,605.0316739231711,29.631642275584692,600.7698152787311,623.2333789740901,0.21483183278798065,-20.548669918728187
$\text{Hel}_{50}$,11,3.401112146377563,597.8653739903983,13.849519724346646,595.3336174104593,623.2333789740901,0.21483183278798065,-20.548669918728187
$\text{Hel}_{50}$,12,3.6968610286712646,592.9737195755228,7.444587003474475,588.6575969283946,623.2333789740901,0.21483183278798065,-20.548669918728187
$\text{Hel}_{50}$,13,3.9926099109649655,585.0079480050423,19.40261884227158,580.4988110869755,623.2333789740901,0.21483183278798065,-20.548669918728187
$\text{Hel}_{50}$,14,4.288358793258666,574.034340437507,13.848451627523682,570.5870545667372,623.2333789740901,0.21483183278798065,-20.548669918728187
$\text{Hel}_{50}$,15,4.584107675552368,562.4479964975568,13.96281006309443,558.6323181228001,623.2333789740901,0.21483183278798065,-20.548669918728187
$\text{Hel}_{50}$,16,4.879856557846069,548.6144796039134,14.06593014233758,544.3384372580639,623.2333789740901,0.21483183278798065,-20.548669918728187
$\text{Hel}_{50}$,17,5.175605440139771,531.9186657752912,12.225681685311082,527.4244716434619,623.2333789740901,0.21483183278798065,-20.548669918728187
$\text{Hel}_{50}$,18,5.471354322433472,514.3514410165584,12.6564312142794,507.6546228424385,623.2333789740901,0.21483183278798065,-20.548669918728187
$\text{Hel}_{50}$,19,5.767103204727173,493.93848613036147,15.517863380718946,484.87591392121226,623.2333789740901,0.21483183278798065,-20.548669918728187
$\text{Hel}_{50}$,20,6.0628520870208735,468.5967488425866,16.183266117164628,459.0603266319324,623.2333789740901,0.21483183278798065,-20.548669918728187
$\text{Hel}_{50}$,21,6.358600969314574,435.8658679625358,14.162938798611808,430.3449406783672,623.2333789740901,0.21483183278798065,-20.548669918728187
$\text{Hel}_{50}$,22,6.654349851608276,398.15176415555106,14.01004153078229,399.0607923793651,623.2333789740901,0.21483183278798065,-20.548669918728187
$\text{Hel}_{50}$,23,6.950098733901976,359.604544986411,15.013444304657877,365.740182176046,623.2333789740901,0.21483183278798065,-20.548669918728187
$\text{Hel}_{50}$,24,7.245847616195678,322.83577356604354,13.434658851880888,331.09452421345895,623.2333789740901,0.21483183278798065,-20.548669918728187
$\text{Hel}_{50}$,25,7.541596498489381,288.20250115672326,11.190650755967905,295.9610235530289,623.2333789740901,0.21483183278798065,-20.548669918728187
$\text{Hel}_{50}$,26,7.83734538078308,253.9149897209243,10.168530686233508,261.225029000037,623.2333789740901,0.21483183278798065,-20.548669918728187
$\text{Hel}_{50}$,27,8.133094263076782,220.80269270469975,9.49292646514335,227.73258638363308,623.2333789740901,0.21483183278798065,-20.548669918728187
$\text{Hel}_{50}$,28,8.428843145370482,190.01756901567433,8.104055319473492,196.21101163097086,623.2333789740901,0.21483183278798065,-20.548669918728187
$\text{Hel}_{50}$,29,8.724592027664183,162.23305222614343,5.673747871993657,167.21259876364584,623.2333789740901,0.21483183278798065,-20.548669918728187
$\text{Hel}_{50}$,30,9.020340909957886,138.34874056348698,3.4983271450029654,141.0892063010825,623.2333789740901,0.21483183278798065,-20.548669918728187
$\text{Hel}_{50}$,31,9.316089792251585,117.50963322766347,2.7983130755762864,117.9968231015038,623.2333789740901,0.21483183278798065,-20.548669918728187
$\text{Hel}_{50}$,32,9.611838674545288,98.9454402890555,3.2319793683278313,97.92267462452602,623.2333789740901,0.21483183278798065,-20.548669918728187
$\text{Hel}_{50}$,33,9.907587556838987,82.70199817338623,3.53830513775521,80.7246672593665,623.2333789740901,0.21483183278798065,-20.548669918728187
$\text{Hel}_{50}$,34,10.20333643913269,68.75382965250168,3.8672278998400076,66.1736728565933,623.2333789740901,0.21483183278798065,-20.548669918728187
$\text{Hel}_{50}$,35,10.499085321426392,56.799391593677434,3.8606745104810454,53.991870016817415,623.2333789740901,0.21483183278798065,-20.548669918728187
$\text{Hel}_{50}$,36,10.794834203720091,46.40972876103979,3.4574904422910455,43.88353178626244,623.2333789740901,0.21483183278798065,-20.548669918728187
$\text{Hel}_{50}$,37,11.090583086013794,37.517026138447314,2.8515310989480613,35.55726560412222,623.2333789740901,0.21483183278798065,-20.548669918728187
$\text{Hel}_{50}$,38,11.386331968307493,30.084649567824247,2.1731161038509117,28.74039301430878,623.2333789740901,0.21483183278798065,-20.548669918728187
$\text{Hel}_{50}$,39,11.682080850601196,24.142119327584254,1.502551262355123,23.186966497445496,623.2333789740901,0.21483183278798065,-20.548669918728187
$\text{Hel}_{50}$,40,11.977829732894898,19.361934386483757,0.9609409175430265,18.68111165326212,623.2333789740901,0.21483183278798065,-20.548669918728187
$\text{Hel}_{50}$,41,12.273578615188597,15.518263753905119,0.5094664288764723,15.037223215884978,623.2333789740901,0.21483183278798065,-20.548669918728187
$\text{Hel}_{50}$,42,12.5693274974823,12.397322890781249,0.24972907083056697,12.098237176700138,623.2333789740901,0.21483183278798065,-20.548669918728187
$\text{Hel}_{50}$,43,12.865076379776,9.841572302895669,0.21645871801613104,9.732874036968383,623.2333789740901,0.21483183278798065,-20.548669918728187
$\text{Hel}_{50}$,44,13.160825262069702,7.793277270248477,0.30198162363416325,7.832462080084383,623.2333789740901,0.21483183278798065,-20.548669918728187
$\text{Hel}_{50}$,45,13.456574144363401,6.161845728696115,0.35541212989968224,6.3077258948356985,623.2333789740901,0.21483183278798065,-20.548669918728187
$\text{Hel}_{50}$,46,13.752323026657104,4.874370786883293,0.38651510337005673,5.08576357488306,623.2333789740901,0.21483183278798065,-20.548669918728187
$\text{Hel}_{50}$,47,14.048071908950806,3.870125753304239,0.3925549526541187,4.107326022897098,623.2333789740901,0.21483183278798065,-20.548669918728187
$\text{Hel}_{50}$,48,14.343820791244505,3.0879465603057343,0.3833790858122342,3.324441224859754,623.2333789740901,0.21483183278798065,-20.548669918728187
$\text{Hel}_{50}$,49,14.639569673538208,2.498741481009193,0.3695881208349045,2.6983838916008267,623.2333789740901,0.21483183278798065,-20.548669918728187
$\text{Hel}_{50}$,50,14.935318555831907,2.0366835688662857,0.3477188665521892,2.1979673912157978,623.2333789740901,0.21483183278798065,-20.548669918728187
$\text{Hel}_{50}$,51,15.23106743812561,1.6797258047326962,0.3445656741317038,1.798123671707117,623.2333789740901,0.21483183278798065,-20.548669918728187
$\text{Hel}_{50}$,52,15.52681632041931,1.3927523181628156,0.3342779449951344,1.4787331665331749,623.2333789740901,0.21483183278798065,-20.548669918728187
$\text{Hel}_{50}$,53,15.822565202713012,1.1669963886018808,0.31375743976613585,1.2236673102913755,623.2333789740901,0.21483183278798065,-20.548669918728187
$\text{Hel}_{50}$,54,16.118314085006713,0.9878008014443478,0.29723407508950894,1.0200092165661658,623.2333789740901,0.21483183278798065,-20.548669918728187
$\text{Hel}_{50}$,55,16.414062967300413,0.8466117501506618,0.2743268312427531,0.8574220121044505,623.2333789740901,0.21483183278798065,-20.548669918728187
$\text{Hel}_{50}$,56,16.709811849594114,0.734776660357677,0.25510357840061426,0.7276385265579393,623.2333789740901,0.21483183278798065,-20.548669918728187
$\text{Hel}_{50}$,57,17.00556073188782,0.6449680820001854,0.23674847073544886,0.6240500852724153,623.2333789740901,0.21483183278798065,-20.548669918728187
$\text{Hel}_{50}$,58,17.301309614181516,0.5683895061261696,0.2136727630006365,0.5413758333526744,623.2333789740901,0.21483183278798065,-20.548669918728187
$\text{Hel}_{50}$,59,17.59705849647522,0.5038893045757583,0.19408153579350151,0.47539724784246573,623.2333789740901,0.21483183278798065,-20.548669918728187
$\text{Hel}_{50}$,60,17.892807378768918,0.4515629984771139,0.18107672606703637,0.4227452591696874,623.2333789740901,0.21483183278798065,-20.548669918728187
$\text{Hel}_{50}$,61,18.188556261062622,0.40835950533571014,0.16941449416992496,0.3807297297121295,623.2333789740901,0.21483183278798065,-20.548669918728187
$\text{Hel}_{50}$,62,18.484305143356323,0.37124275761093894,0.15276929655325375,0.34720297152529156,623.2333789740901,0.21483183278798065,-20.548669918728187
$\text{Hel}_{50}$,63,18.780054025650024,0.3416285308578269,0.13965890252843674,0.32045057834466206,623.2333789740901,0.21483183278798065,-20.548669918728187
$\text{Hel}_{50}$,64,19.075802907943725,0.31943623574640495,0.13013624678890967,0.29910414993548784,623.2333789740901,0.21483183278798065,-20.548669918728187
$\text{Hel}_{50}$,65,19.371551790237426,0.29674308203098326,0.12010056215078606,0.2820715468475896,623.2333789740901,0.21483183278798065,-20.548669918728187
$\text{Hel}_{50}$,66,19.667300672531127,0.2804430428362478,0.11116779754335133,0.2684811723881353,623.2333789740901,0.21483183278798065,-20.548669918728187
$\text{Hel}_{50}$,67,19.963049554824828,0.26468766325014875,0.09938642566628601,0.25763747210964993,623.2333789740901,0.21483183278798065,-20.548669918728187
$\text{Hel}_{50}$,68,20.25879843711853,0.252919116867586,0.09074943227968123,0.24898539972548406,623.2333789740901,0.21483183278798065,-20.548669918728187
$\text{Hel}_{50}$,69,20.55454731941223,0.24236056264653427,0.08375186060154893,0.2420820474461607,623.2333789740901,0.21483183278798065,-20.548669918728187
$\text{Hel}_{50}$,70,20.85029620170593,0.23607224047544914,0.08128711907387402,0.23657399919397903,623.2333789740901,0.21483183278798065,-20.548669918728187
$\text{Hel}_{50}$,71,21.14604508399963,0.22936703966475672,0.07671448971222718,0.23217925412637896,623.2333789740901,0.21483183278798065,-20.548669918728187
$\text{Hel}_{50}$,72,21.441793966293336,0.2235813220800702,0.07296054322078041,0.22867279934035878,623.2333789740901,0.21483183278798065,-20.548669918728187
$\text{Hel}_{50}$,73,21.737542848587033,0.2178067121072207,0.07021358127086753,0.22587509584263898,623.2333789740901,0.21483183278798065,-20.548669918728187
$\text{Hel}_{50}$,74,22.033291730880737,0.21411307315636283,0.06955316396208283,0.22364289000245208,623.2333789740901,0.21483183278798065,-20.548669918728187
$\text{Hel}_{50}$,75,22.329040613174435,0.20983742100845082,0.06923145452567292,0.2218618811194233,623.2333789740901,0.21483183278798065,-20.548669918728187
$\text{Hel}_{50}$,76,22.62478949546814,0.20615894859731218,0.06802718615329363,0.22044087036221072,623.2333789740901,0.21483183278798065,-20.548669918728187
$\text{Hel}_{50}$,77,22.92053837776184,0.20023532383842677,0.06748643678752815,0.2193070919214506,623.2333789740901,0.21483183278798065,-20.548669918728187
$\text{Hel}_{50}$,78,23.21628726005554,0.19387282939239622,0.06462754708648415,0.2184024875891737,623.2333789740901,0.21483183278798065,-20.548669918728187
$\text{Hel}_{50}$,79,23.512036142349242,0.24520217214649245,0.08838458703641754,0.21768073417831602,623.2333789740901,0.21483183278798065,-20.548669918728187
$\text{IDP}_{50}$-Mem,0,0.15313681602478027,551.1094488735847,36.59765847694974,507.6871543704377,508.7586248925853,0.3630978090974735,-18.67297449750039
$\text{IDP}_{50}$-Mem,1,0.4594104480743407,546.8922602349404,42.91056466391766,507.40134540403307,508.7586248925853,0.3630978090974735,-18.67297449750039
$\text{IDP}_{50}$-Mem,2,0.7656840801239013,544.5025158568656,40.764866069672145,507.0395567742578,508.7586248925853,0.3630978090974735,-18.67297449750039
$\text{IDP}_{50}$-Mem,3,1.0719577121734618,541.6444745880317,36.05727796800794,506.58174587616793,508.7586248925853,0.3630978090974735,-18.67297449750039
$\text{IDP}_{50}$-Mem,4,1.3782313442230225,538.3328170625043,32.93809305167336,506.0026769569347,508.7586248925853,0.3630978090974735,-18.67297449750039
$\text{IDP}_{50}$-Mem,5,1.6845049762725828,533.449346030308,28.51813397973141,505.27063198652104,508.7586248925853,0.3630978090974735,-18.67297449750039
$\text{IDP}_{50}$-Mem,6,1.990778608322143,529.2402078811459,23.392608935438936,504.3458355333564,508.7586248925853,0.3630978090974735,-18.67297449750039
$\text{IDP}_{50}$-Mem,7,2.297052240371704,524.2488541510297,19.02171339203391,503.1785510435097,508.7586248925853,0.3630978090974735,-18.67297449750039
$\text{IDP}_{50}$-Mem,8,2.6033258724212645,521.3453962172675,15.593372653291405,501.7068133160239,508.7586248925853,0.3630978090974735,-18.67297449750039
$\text{IDP}_{50}$-Mem,9,2.909599504470825,517.996785708405,13.551834062471485,499.85378100333276,508.7586248925853,0.3630978090974735,-18.67297449750039
$\text{IDP}_{50}$-Mem,10,3.2158731365203854,513.6416114567601,11.93355298424981,497.52473097500035,508.7586248925853,0.3630978090974735,-18.67297449750039
$\text{IDP}_{50}$-Mem,11,3.5221467685699457,508.49438147891254,10.590054010794342,494.60378373013975,508.7586248925853,0.3630978090974735,-18.67297449750039
$\text{IDP}_{50}$-Mem,12,3.828420400619507,501.3369431833141,8.907047826095633,490.950559363209,508.7586248925853,0.3630978090974735,-18.67297449750039
$\text{IDP}_{50}$-Mem,13,4.134694032669067,493.46995477345064,7.835023711560279,486.3971328868084,508.7586248925853,0.3630978090974735,-18.67297449750039
$\text{IDP}_{50}$-Mem,14,4.440967664718627,484.24845096408944,5.838038150180069,480.74590096993575,508.7586248925853,0.3630978090974735,-18.67297449750039
$\text{IDP}_{50}$-Mem,15,4.7472412967681885,473.13851087773924,3.74160350997688,473.76929522487006,508.7586248925853,0.3630978090974735,-18.67297449750039
$\text{IDP}_{50}$-Mem,16,5.053514928817749,459.8067579923298,2.026486670689295,465.21266132510823,508.7586248925853,0.3630978090974735,-18.67297449750039
$\text{IDP}_{50}$-Mem,17,5.35978856086731,443.8587870100494,0.8209327902370612,454.8020002444786,508.7586248925853,0.3630978090974735,-18.67297449750039
$\text{IDP}_{50}$-Mem,18,5.66606219291687,425.4122528294194,0.6282188002618481,442.25848834088254,508.7586248925853,0.3630978090974735,-18.67297449750039
$\text{IDP}_{50}$-Mem,19,5.9723358249664305,405.6398391133475,1.6792635498679622,427.3215013056357,508.7586248925853,0.3630978090974735,-18.67297449750039
$\text{IDP}_{50}$-Mem,20,6.278609457015991,383.72380543414573,2.7562254483273563,409.78091657017626,508.7586248925853,0.3630978090974735,-18.67297449750039
$\text{IDP}_{50}$-Mem,21,6.584883089065551,359.8967957684167,3.854397702182423,389.51743036047696,508.7586248925853,0.3630978090974735,-18.67297449750039
$\text{IDP}_{50}$-Mem,22,6.891156721115112,334.2401980496982,4.671480347054047,366.5464358301147,508.7586248925853,0.3630978090974735,-18.67297449750039
$\text{IDP}_{50}$-Mem,23,7.1974303531646715,307.3139579666583,5.132594009414386,341.0572260658184,508.7586248925853,0.3630978090974735,-18.67297449750039
$\text{IDP}_{50}$-Mem,24,7.503703985214233,279.98599740249875,5.143318042628126,313.4363440541018,508.7586248925853,0.3630978090974735,-18.67297449750039
$\text{IDP}_{50}$-Mem,25,7.809977617263795,252.96941766632744,4.9914792286639384,284.26387002129,508.7586248925853,0.3630978090974735,-18.67297449750039
$\text{IDP}_{50}$-Mem,26,8.116251249313354,226.4316565381844,4.660040684536717,254.2759846051807,508.7586248925853,0.3630978090974735,-18.67297449750039
$\text{IDP}_{50}$-Mem,27,8.422524881362914,200.655782475596,4.342479732175702,224.29602640988514,508.7586248925853,0.3630978090974735,-18.67297449750039
$\text{IDP}_{50}$-Mem,28,8.728798513412475,176.21983227877135,3.728461536653953,195.1464697610274,508.7586248925853,0.3630978090974735,-18.67297449750039
$\text{IDP}_{50}$-Mem,29,9.035072145462035,153.35270958497594,3.1708669204272395,167.56109661098066,508.7586248925853,0.3630978090974735,-18.67297449750039
$\text{IDP}_{50}$-Mem,30,9.341345777511597,132.39688315284855,2.5655328351764477,142.11656465162082,508.7586248925853,0.3630978090974735,-18.67297449750039
$\text{IDP}_{50}$-Mem,31,9.647619409561155,113.25813830005909,2.1665838483648447,119.19562051762512,508.7586248925853,0.3630978090974735,-18.67297449750039
$\text{IDP}_{50}$-Mem,32,9.953893041610717,96.06409103899738,2.0089543282702422,98.98398288121103,508.7586248925853,0.3630978090974735,-18.67297449750039
$\text{IDP}_{50}$-Mem,33,10.260166673660276,80.91326098897986,2.13872910445181,81.49410264716391,508.7586248925853,0.3630978090974735,-18.67297449750039
$\text{IDP}_{50}$-Mem,34,10.566440305709838,67.65126392585293,2.2984022635608685,66.60455198668711,508.7586248925853,0.3630978090974735,-18.67297449750039
$\text{IDP}_{50}$-Mem,35,10.8727139377594,56.19799682034675,2.2760283714115404,54.10389974101659,508.7586248925853,0.3630978090974735,-18.67297449750039
$\text{IDP}_{50}$-Mem,36,11.178987569808958,46.32865005480684,2.244093586988661,43.7309066224677,508.7586248925853,0.3630978090974735,-18.67297449750039
$\text{IDP}_{50}$-Mem,37,11.48526120185852,37.93208155049164,2.0805540835624408,35.20665553450846,508.7586248925853,0.3630978090974735,-18.67297449750039
$\text{IDP}_{50}$-Mem,38,11.791534833908079,30.90126927193815,1.8394281238719214,28.257402971860756,508.7586248925853,0.3630978090974735,-18.67297449750039
$\text{IDP}_{50}$-Mem,39,12.097808465957641,25.02644571877488,1.5597457694696777,22.628953335993685,508.7586248925853,0.3630978090974735,-18.67297449750039
$\text{IDP}_{50}$-Mem,40,12.404082098007203,20.17817785294905,1.256710506792365,18.094290678833346,508.7586248925853,0.3630978090974735,-18.67297449750039
$\text{IDP}_{50}$-Mem,41,12.710355730056762,16.17296514997803,1.0090661189570156,14.456383274796366,508.7586248925853,0.3630978090974735,-18.67297449750039
$\text{IDP}_{50}$-Mem,42,13.016629362106324,12.92502650896683,0.7602695076870392,11.547851006127019,508.7586248925853,0.3630978090974735,-18.67297449750039
$\text{IDP}_{50}$-Mem,43,13.322902994155886,10.295088585229587,0.561296597214389,9.228807323703506,508.7586248925853,0.3630978090974735,-18.67297449750039
$\text{IDP}_{50}$-Mem,44,13.629176626205444,8.144084149084195,0.3887142551734504,7.383804121751382,508.7586248925853,0.3630978090974735,-18.67297449750039
$\text{IDP}_{50}$-Mem,45,13.935450258255003,6.437285352562824,0.2586079166504109,5.918486236211976,508.7586248925853,0.3630978090974735,-18.67297449750039
$\text{IDP}_{50}$-Mem,46,14.241723890304565,5.10241107045768,0.16237895678118827,4.756320522204248,508.7586248925853,0.3630978090974735,-18.67297449750039
$\text{IDP}_{50}$-Mem,47,14.547997522354127,4.057930032258188,0.09691938353173002,3.8355964336412285,508.7586248925853,0.3630978090974735,-18.67297449750039
$\text{IDP}_{50}$-Mem,48,14.854271154403685,3.23771022918469,0.05390363969652816,3.1067856656759716,508.7586248925853,0.3630978090974735,-18.67297449750039
$\text{IDP}_{50}$-Mem,49,15.160544786453247,2.585298597609091,0.03035878256191204,2.530281744971262,508.7586248925853,0.3630978090974735,-18.67297449750039
$\text{IDP}_{50}$-Mem,50,15.466818418502806,2.0668437365333943,0.03241766213760077,2.074502888137147,508.7586248925853,0.3630978090974735,-18.67297449750039
$\text{IDP}_{50}$-Mem,51,15.773092050552368,1.6702447758160581,0.04589092126470496,1.714322691970068,508.7586248925853,0.3630978090974735,-18.67297449750039
$\text{IDP}_{50}$-Mem,52,16.079365682601928,1.3653333450094225,0.05416106078225266,1.4297859912463196,508.7586248925853,0.3630978090974735,-18.67297449750039
$\text{IDP}_{50}$-Mem,53,16.38563931465149,1.125830627343867,0.06539890948446606,1.20506664264812,508.7586248925853,0.3630978090974735,-18.67297449750039
$\text{IDP}_{50}$-Mem,54,16.69191294670105,0.9459731139306004,0.06349867330351826,1.0276269397805038,508.7586248925853,0.3630978090974735,-18.67297449750039
$\text{IDP}_{50}$-Mem,55,16.99818657875061,0.8038076487153362,0.057883755787183654,0.8875429135441095,508.7586248925853,0.3630978090974735,-18.67297449750039
$\text{IDP}_{50}$-Mem,56,17.30446021080017,0.6952564857570867,0.05679137446041722,0.7769648002332019,508.7586248925853,0.3630978090974735,-18.67297449750039
$\text{IDP}_{50}$-Mem,57,17.610733842849733,0.6157803042409633,0.049852337929771104,0.6896868494606281,508.7586248925853,0.3630978090974735,-18.67297449750039
$\text{IDP}_{50}$-Mem,58,17.91700747489929,0.5502313964266493,0.04544791586712844,0.6208050897439534,508.7586248925853,0.3630978090974735,-18.67297449750039
$\text{IDP}_{50}$-Mem,59,18.223281106948853,0.5009192869137756,0.039972620193184046,0.5664455498038024,508.7586248925853,0.3630978090974735,-18.67297449750039
$\text{IDP}_{50}$-Mem,60,18.52955473899841,0.4665882068938574,0.03435870180374627,0.523548730316719,508.7586248925853,0.3630978090974735,-18.67297449750039
$\text{IDP}_{50}$-Mem,61,18.835828371047974,0.43721273790793536,0.028795448607752606,0.4896988699939584,508.7586248925853,0.3630978090974735,-18.67297449750039
$\text{IDP}_{50}$-Mem,62,19.142102003097534,0.4156188789609754,0.025759913796537772,0.4629888118704173,508.7586248925853,0.3630978090974735,-18.67297449750039
$\text{IDP}_{50}$-Mem,63,19.448375635147094,0.39931973238367724,0.022316861314367543,0.44191311866839555,508.7586248925853,0.3630978090974735,-18.67297449750039
$\text{IDP}_{50}$-Mem,64,19.754649267196655,0.3884739149659981,0.020103161693113516,0.42528357666392935,508.7586248925853,0.3630978090974735,-18.67297449750039
$\text{IDP}_{50}$-Mem,65,20.060922899246215,0.3830567934702636,0.022493223596743772,0.412162426315291,508.7586248925853,0.3630978090974735,-18.67297449750039
$\text{IDP}_{50}$-Mem,66,20.367196531295775,0.3801516107714516,0.025326905632755754,0.40180961801857507,508.7586248925853,0.3630978090974735,-18.67297449750039
$\text{IDP}_{50}$-Mem,67,20.673470163345335,0.3820148203511243,0.03213375884933561,0.3936411577489025,508.7586248925853,0.3630978090974735,-18.67297449750039
$\text{IDP}_{50}$-Mem,68,20.979743795394896,0.38367621071876323,0.04085546790698248,0.3871962175633712,508.7586248925853,0.3630978090974735,-18.67297449750039
$\text{IDP}_{50}$-Mem,69,21.286017427444456,0.39004711974300266,0.05446097434276868,0.38211117085037927,508.7586248925853,0.3630978090974735,-18.67297449750039
$\text{IDP}_{50}$-Mem,70,21.592291059494016,0.39262141380986487,0.06753224860791454,0.3780990969474942,508.7586248925853,0.3630978090974735,-18.67297449750039
$\text{IDP}_{50}$-Mem,71,21.898564691543577,0.3971768106355114,0.08052700096338694,0.3749336046462588,508.7586248925853,0.3630978090974735,-18.67297449750039
$\text{IDP}_{50}$-Mem,72,22.20483832359314,0.400504292948933,0.09305765063839462,0.3724360654933889,508.7586248925853,0.3630978090974735,-18.67297449750039
$\text{IDP}_{50}$-Mem,73,22.511111955642697,0.40358558730141825,0.10418015814875856,0.370465538774539,508.7586248925853,0.3630978090974735,-18.67297449750039
$\text{IDP}_{50}$-Mem,74,22.81738558769226,0.4060480084744315,0.1133506329331609,0.3689108210660663,508.7586248925853,0.3630978090974735,-18.67297449750039
$\text{IDP}_{50}$-Mem,75,23.123659219741818,0.40821648359770535,0.12002311740872798,0.36768417258014097,508.7586248925853,0.3630978090974735,-18.67297449750039
$\text{IDP}_{50}$-Mem,76,23.42993285179138,0.4083007995039929,0.1252305602747838,0.3667163668088733,508.7586248925853,0.3630978090974735,-18.67297449750039
$\text{IDP}_{50}$-Mem,77,23.73620648384094,0.40909065363400643,0.13094782610570566,0.3659527844391164,508.7586248925853,0.3630978090974735,-18.67297449750039
$\text{IDP}_{50}$-Mem,78,24.042480115890502,0.40603658142759835,0.13835995909787804,0.3653503313088322,508.7586248925853,0.3630978090974735,-18.67297449750039
$\text{IDP}_{50}$-Mem,79,24.348753747940062,0.4030165938137899,0.14689720863375919,0.3648750065989361,508.7586248925853,0.3630978090974735,-18.67297449750039
$\text{Hel}_{10}\text{IDP}_{40}$-Mem,0,0.14348921775817872,523.5899283125485,33.47804489551569,542.3009835189575,550.613204942278,1.3063672742240449,-15.576882036053567
$\text{Hel}_{10}\text{IDP}_{40}$-Mem,1,0.4304676532745361,523.9090642401242,32.052296327038306,540.7291193712841,550.613204942278,1.3063672742240449,-15.576882036053567
$\text{Hel}_{10}\text{IDP}_{40}$-Mem,2,0.7174460887908936,520.2188753838756,29.56515579747187,538.866465473473,550.613204942278,1.3063672742240449,-15.576882036053567
$\text{Hel}_{10}\text{IDP}_{40}$-Mem,3,1.004424524307251,521.6706446886965,23.830313144070452,536.661873333682,550.613204942278,1.3063672742240449,-15.576882036053567
$\text{Hel}_{10}\text{IDP}_{40}$-Mem,4,1.2914029598236083,520.8764245384481,18.21092334604579,534.0562736791173,550.613204942278,1.3063672742240449,-15.576882036053567
$\text{Hel}_{10}\text{IDP}_{40}$-Mem,5,1.578381395339966,519.8717625367999,14.501885710467803,530.9818876911646,550.613204942278,1.3063672742240449,-15.576882036053567
$\text{Hel}_{10}\text{IDP}_{40}$-Mem,6,1.8653598308563233,515.4063793977713,12.656690889382928,527.3615474520822,550.613204942278,1.3063672742240449,-15.576882036053567
$\text{Hel}_{10}\text{IDP}_{40}$-Mem,7,2.1523382663726807,512.3382985913322,10.164970523771325,523.1082262279507,550.613204942278,1.3063672742240449,-15.576882036053567
$\text{Hel}_{10}\text{IDP}_{40}$-Mem,8,2.4393167018890383,509.70176526610595,9.689777956780432,518.1249145749413,550.613204942278,1.3063672742240449,-15.576882036053567
$\text{Hel}_{10}\text{IDP}_{40}$-Mem,9,2.7262951374053954,506.4556889414965,8.72487236219925,512.305018147348,550.613204942278,1.3063672742240449,-15.576882036053567
$\text{Hel}_{10}\text{IDP}_{40}$-Mem,10,3.013273572921753,502.0969387806146,8.346745894826558,505.5334937590675,550.613204942278,1.3063672742240449,-15.576882036053567
$\text{Hel}_{10}\text{IDP}_{40}$-Mem,11,3.30025200843811,496.536769141668,7.805484086183406,497.68897465075565,550.613204942278,1.3063672742240449,-15.576882036053567
$\text{Hel}_{10}\text{IDP}_{40}$-Mem,12,3.5872304439544678,490.0925425181247,7.953745286213457,488.6471526388167,550.613204942278,1.3063672742240449,-15.576882036053567
$\text{Hel}_{10}\text{IDP}_{40}$-Mem,13,3.8742088794708254,481.313306010162,8.733103909740482,478.2856675644017,550.613204942278,1.3063672742240449,-15.576882036053567
$\text{Hel}_{10}\text{IDP}_{40}$-Mem,14,4.161187314987183,471.242357049085,9.211306522568627,466.4906827517251,550.613204942278,1.3063672742240449,-15.576882036053567
$\text{Hel}_{10}\text{IDP}_{40}$-Mem,15,4.44816575050354,459.6570201239163,9.61890894093366,453.16517751835136,550.613204942278,1.3063672742240449,-15.576882036053567
$\text{Hel}_{10}\text{IDP}_{40}$-Mem,16,4.735144186019897,445.99617142967276,10.206857567685196,438.2387482232964,550.613204942278,1.3063672742240449,-15.576882036053567
$\text{Hel}_{10}\text{IDP}_{40}$-Mem,17,5.022122621536255,430.7820648703658,10.576166138336,421.67837800467044,550.613204942278,1.3063672742240449,-15.576882036053567
$\text{Hel}_{10}\text{IDP}_{40}$-Mem,18,5.3091010570526125,413.335690874616,11.729576658809362,403.4992412164202,550.613204942278,1.3063672742240449,-15.576882036053567
$\text{Hel}_{10}\text{IDP}_{40}$-Mem,19,5.59607949256897,394.4913141947197,13.078819547263334,383.77422000610403,550.613204942278,1.3063672742240449,-15.576882036053567
$\text{Hel}_{10}\text{IDP}_{40}$-Mem,20,5.883057928085327,373.65074332286116,14.661459017185427,362.64053575733556,550.613204942278,1.3063672742240449,-15.576882036053567
$\text{Hel}_{10}\text{IDP}_{40}$-Mem,21,6.170036363601684,351.29118303325566,15.87576302290487,340.30186713528485,550.613204942278,1.3063672742240449,-15.576882036053567
$\text{Hel}_{10}\text{IDP}_{40}$-Mem,22,6.457014799118042,328.0476661916205,16.810851530111613,317.02464978065973,550.613204942278,1.3063672742240449,-15.576882036053567
$\text{Hel}_{10}\text{IDP}_{40}$-Mem,23,6.7439932346344,304.0411601481228,18.129948980209452,293.12796597908067,550.613204942278,1.3063672742240449,-15.576882036053567
$\text{Hel}_{10}\text{IDP}_{40}$-Mem,24,7.030971670150757,279.3376982027789,18.831615805896792,268.96744965528154,550.613204942278,1.3063672742240449,-15.576882036053567
$\text{Hel}_{10}\text{IDP}_{40}$-Mem,25,7.317950105667114,254.55192876185887,18.99847471131489,244.91473714999037,550.613204942278,1.3063672742240449,-15.576882036053567
$\text{Hel}_{10}\text{IDP}_{40}$-Mem,26,7.6049285411834715,229.949733789329,18.86349182076482,221.33489472498474,550.613204942278,1.3063672742240449,-15.576882036053567
$\text{Hel}_{10}\text{IDP}_{40}$-Mem,27,7.891906976699829,206.218534437515,18.349701409497975,198.56468203729798,550.613204942278,1.3063672742240449,-15.576882036053567
$\text{Hel}_{10}\text{IDP}_{40}$-Mem,28,8.178885412216186,183.4326907195854,17.600300460011894,176.89433247861018,550.613204942278,1.3063672742240449,-15.576882036053567
$\text{Hel}_{10}\text{IDP}_{40}$-Mem,29,8.465863847732544,161.80301753049375,16.639566468677593,156.5548027873532,550.613204942278,1.3063672742240449,-15.576882036053567
$\text{Hel}_{10}\text{IDP}_{40}$-Mem,30,8.752842283248901,141.6152371887556,15.316703289378454,137.71138860293254,550.613204942278,1.3063672742240449,-15.576882036053567
$\text{Hel}_{10}\text{IDP}_{40}$-Mem,31,9.03982071876526,123.10730239687462,14.07708117687109,120.46351584351086,550.613204942278,1.3063672742240449,-15.576882036053567
$\text{Hel}_{10}\text{IDP}_{40}$-Mem,32,9.326799154281616,106.31926843087068,12.651446627604535,104.84965800293264,550.613204942278,1.3063672742240449,-15.576882036053567
$\text{Hel}_{10}\text{IDP}_{40}$-Mem,33,9.613777589797973,91.32231084116829,11.255558533988133,90.85583982115912,550.613204942278,1.3063672742240449,-15.576882036053567
$\text{Hel}_{10}\text{IDP}_{40}$-Mem,34,9.900756025314331,78.09003242173596,9.878431592164668,78.42607985844157,550.613204942278,1.3063672742240449,-15.576882036053567
$\text{Hel}_{10}\text{IDP}_{40}$-Mem,35,10.187734460830688,66.55454678859083,8.427976110651986,67.47331234650594,550.613204942278,1.3063672742240449,-15.576882036053567
$\text{Hel}_{10}\text{IDP}_{40}$-Mem,36,10.474712896347047,56.57626527835023,7.104287611067223,57.88968437547595,550.613204942278,1.3063672742240449,-15.576882036053567
$\text{Hel}_{10}\text{IDP}_{40}$-Mem,37,10.761691331863403,48.048196155006174,5.98594447442195,49.55552706850409,550.613204942278,1.3063672742240449,-15.576882036053567
$\text{Hel}_{10}\text{IDP}_{40}$-Mem,38,11.04866976737976,40.73683413217152,5.014726107631319,42.34666284835947,550.613204942278,1.3063672742240449,-15.576882036053567
$\text{Hel}_{10}\text{IDP}_{40}$-Mem,39,11.335648202896119,34.54244771327567,4.232989255822225,36.13999053635729,550.613204942278,1.3063672742240449,-15.576882036053567
$\text{Hel}_{10}\text{IDP}_{40}$-Mem,40,11.622626638412475,29.30220382075342,3.6086406249061618,30.817475140367833,550.613204942278,1.3063672742240449,-15.576882036053567
$\text{Hel}_{10}\text{IDP}_{40}$-Mem,41,11.909605073928834,24.88867280858402,3.0261575700033942,26.268770428339707,550.613204942278,1.3063672742240449,-15.576882036053567
$\text{Hel}_{10}\text{IDP}_{40}$-Mem,42,12.19658350944519,21.17665937190556,2.570759282047525,22.392739938605587,550.613204942278,1.3063672742240449,-15.576882036053567
$\text{Hel}_{10}\text{IDP}_{40}$-Mem,43,12.483561944961547,18.009113261572946,2.1813162426070902,19.098137415767553,550.613204942278,1.3063672742240449,-15.576882036053567
$\text{Hel}_{10}\text{IDP}_{40}$-Mem,44,12.770540380477906,15.382053020254816,1.9014729095584888,16.30367904260953,550.613204942278,1.3063672742240449,-15.576882036053567
$\text{Hel}_{10}\text{IDP}_{40}$-Mem,45,13.057518815994262,13.197126584699847,1.6423920256303917,13.937700719784175,550.613204942278,1.3063672742240449,-15.576882036053567
$\text{Hel}_{10}\text{IDP}_{40}$-Mem,46,13.34449725151062,11.361105083862896,1.409967706589461,11.937552801537493,550.613204942278,1.3063672742240449,-15.576882036053567
$\text{Hel}_{10}\text{IDP}_{40}$-Mem,47,13.631475687026978,9.81423625739752,1.1737110575418024,10.24884713333887,550.613204942278,1.3063672742240449,-15.576882036053567
$\text{Hel}_{10}\text{IDP}_{40}$-Mem,48,13.918454122543334,8.533404838698738,0.994188003851209,8.824639286437787,550.613204942278,1.3063672742240449,-15.576882036053567
$\text{Hel}_{10}\text{IDP}_{40}$-Mem,49,14.205432558059693,7.473573768552238,0.8937376923137998,7.624603171959961,550.613204942278,1.3063672742240449,-15.576882036053567
$\text{Hel}_{10}\text{IDP}_{40}$-Mem,50,14.49241099357605,6.580238866986466,0.8119112257025575,6.614235406289765,550.613204942278,1.3063672742240449,-15.576882036053567
$\text{Hel}_{10}\text{IDP}_{40}$-Mem,51,14.779389429092408,5.805118066582832,0.7485495367243803,5.764112094498785,550.613204942278,1.3063672742240449,-15.576882036053567
$\text{Hel}_{10}\text{IDP}_{40}$-Mem,52,15.066367864608765,5.149500373888427,0.7282474609282049,5.049210158288531,550.613204942278,1.3063672742240449,-15.576882036053567
$\text{Hel}_{10}\text{IDP}_{40}$-Mem,53,15.353346300125121,4.591262187020836,0.6992733256647651,4.448298047349681,550.613204942278,1.3063672742240449,-15.576882036053567
$\text{Hel}_{10}\text{IDP}_{40}$-Mem,54,15.64032473564148,4.110548349991242,0.66319654289198,3.9433958390370094,550.613204942278,1.3063672742240449,-15.576882036053567
$\text{Hel}_{10}\text{IDP}_{40}$-Mem,55,15.927303171157837,3.703502481692676,0.6279079998339091,3.5193016929887335,550.613204942278,1.3063672742240449,-15.576882036053567
$\text{Hel}_{10}\text{IDP}_{40}$-Mem,56,16.214281606674195,3.3544114613874387,0.5872585385425233,3.1631798665212045,550.613204942278,1.3063672742240449,-15.576882036053567
$\text{Hel}_{10}\text{IDP}_{40}$-Mem,57,16.50126004219055,3.061036358872812,0.5618223952557029,2.864204618518329,550.613204942278,1.3063672742240449,-15.576882036053567
$\text{Hel}_{10}\text{IDP}_{40}$-Mem,58,16.78823847770691,2.8113678444835535,0.5387520536374,2.613254041533594,550.613204942278,1.3063672742240449,-15.576882036053567
$\text{Hel}_{10}\text{IDP}_{40}$-Mem,59,17.075216913223265,2.584259946656205,0.5192560308949958,2.4026479523404873,550.613204942278,1.3063672742240449,-15.576882036053567
$\text{Hel}_{10}\text{IDP}_{40}$-Mem,60,17.362195348739625,2.3791621614113203,0.5137613441216128,2.2259242906757777,550.613204942278,1.3063672742240449,-15.576882036053567
$\text{Hel}_{10}\text{IDP}_{40}$-Mem,61,17.649173784255982,2.1945629990435775,0.5208698442137757,2.0776489212462366,550.613204942278,1.3063672742240449,-15.576882036053567
$\text{Hel}_{10}\text{IDP}_{40}$-Mem,62,17.93615221977234,2.0501558138321445,0.5358811088307608,1.9532542359031027,550.613204942278,1.3063672742240449,-15.576882036053567
$\text{Hel}_{10}\text{IDP}_{40}$-Mem,63,18.223130655288696,1.9130667868843407,0.5437143532139443,1.8489024661824942,550.613204942278,1.3063672742240449,-15.576882036053567
$\text{Hel}_{10}\text{IDP}_{40}$-Mem,64,18.510109090805052,1.7989771556627598,0.5539843831205951,1.7613701131694484,550.613204942278,1.3063672742240449,-15.576882036053567
$\text{Hel}_{10}\text{IDP}_{40}$-Mem,65,18.797087526321413,1.7001289644785231,0.5615795612150939,1.6879503656218162,550.613204942278,1.3063672742240449,-15.576882036053567
$\text{Hel}_{10}\text{IDP}_{40}$-Mem,66,19.08406596183777,1.6198813267895769,0.5671362344381718,1.6263708001699797,550.613204942278,1.3063672742240449,-15.576882036053567
$\text{Hel}_{10}\text{IDP}_{40}$-Mem,67,19.371044397354126,1.5563714113884233,0.572070627212468,1.5747240360536807,550.613204942278,1.3063672742240449,-15.576882036053567
$\text{Hel}_{10}\text{IDP}_{40}$-Mem,68,19.658022832870483,1.5092801416704302,0.579642972586821,1.5314093514456886,550.613204942278,1.3063672742240449,-15.576882036053567
$\text{Hel}_{10}\text{IDP}_{40}$-Mem,69,19.94500126838684,1.4767944857560484,0.5919709231864478,1.4950835610726472,550.613204942278,1.3063672742240449,-15.576882036053567
$\text{Hel}_{10}\text{IDP}_{40}$-Mem,70,20.2319797039032,1.445109781640081,0.6025002268227815,1.4646197088201234,550.613204942278,1.3063672742240449,-15.576882036053567
$\text{Hel}_{10}\text{IDP}_{40}$-Mem,71,20.518958139419556,1.4172450707520199,0.6163307461857145,1.4390723480327665,550.613204942278,1.3063672742240449,-15.576882036053567
$\text{Hel}_{10}\text{IDP}_{40}$-Mem,72,20.805936574935913,1.3934407388636803,0.6198534717615233,1.4176483701580196,550.613204942278,1.3063672742240449,-15.576882036053567
$\text{Hel}_{10}\text{IDP}_{40}$-Mem,73,21.09291501045227,1.3756064362531888,0.6279860124264421,1.3996825029954607,550.613204942278,1.3063672742240449,-15.576882036053567
$\text{Hel}_{10}\text{IDP}_{40}$-Mem,74,21.379893445968627,1.359515017943609,0.6332250945367214,1.3846167366230588,550.613204942278,1.3063672742240449,-15.576882036053567
$\text{Hel}_{10}\text{IDP}_{40}$-Mem,75,21.666871881484987,1.3455601954872316,0.6413333949670068,1.371983051293455,550.613204942278,1.3063672742240449,-15.576882036053567
$\text{Hel}_{10}\text{IDP}_{40}$-Mem,76,21.953850317001343,1.3274649838650772,0.6424478204589531,1.3613889201077995,550.613204942278,1.3063672742240449,-15.576882036053567
$\text{Hel}_{10}\text{IDP}_{40}$-Mem,77,22.2408287525177,1.3107671787573192,0.6442187572545883,1.3525051426278196,550.613204942278,1.3063672742240449,-15.576882036053567
$\text{Hel}_{10}\text{IDP}_{40}$-Mem,78,22.527807188034057,1.2845452148784526,0.6368016285370276,1.3450556360051564,550.613204942278,1.3063672742240449,-15.576882036053567
$\text{Hel}_{10}\text{IDP}_{40}$-Mem,79,22.814785623550414,1.262418638674885,0.6318893030457651,1.3388088696275986,550.613204942278,1.3063672742240449,-15.576882036053567
