group,group_label,trajectory,xtc,acf_kind,n_observations,n_contact_observations,contact_probability,n_variable_pairs,t_1e_ps,t_01_ps,dt_ps,n_frames,n_chains,chain_selection,n_selected_chains,selected_chain_start,selected_chain_end,chain_filter_method,cluster_dist_cutoff_A,radius_limit_A,n_valid_chains,n_pairs,n_valid_pairs,n_contact_sites_per_pair,n_triplets_per_pair,n_banded_residue_pairs,contact_mode,contact_label,event_unit,contact_cutoff_nm,antisymmetric_sum_target,antisymmetric_sum_window,banded_triplet_definition
G1_Wcluster_alhx0,$\mathrm{IDP}_{50}$,1,/data/jychen/MD_projects/curvature_phase/Alpha-Synuclein/martini3001/Martini_alhx/mdrun/M3IDP/W_cluster/alhx_0/TR_Mdvwhole/clus_centered.xtc,fluctuation,11761176,169751,0.014433165526984716,855,10463.685469355289,216313.55959602032,1000.0,10001,50,all,50,0,49,largest_cluster,8.0,100.0,49,1225,1176,1,58,844,three_antisymmetric_nac_bb,Any 3 banded antisymmetric N-ter BB,chain_pair,0.8,61.0,8.0,partner_consecutive_v2
G1_Wcluster_alhx0,$\mathrm{IDP}_{50}$,2,/data/jychen/MD_projects/curvature_phase/Alpha-Synuclein/martini3001/Martini_alhx/mdrun/M3IDP/W_cluster/alhx_0_re1/TR_Mdvwhole/clus_centered.xtc,fluctuation,9460946,137503,0.01453374747091887,732,10463.44398557345,217794.8772046089,1000.0,10001,50,all,50,0,49,largest_cluster,8.0,100.0,44,1225,946,1,58,844,three_antisymmetric_nac_bb,Any 3 banded antisymmetric N-ter BB,chain_pair,0.8,61.0,8.0,partner_consecutive_v2
G1_Wcluster_alhx0,$\mathrm{IDP}_{50}$,3,/data/jychen/MD_projects/curvature_phase/Alpha-Synuclein/martini3001/Martini_alhx/mdrun/M3IDP/W_cluster/alhx_0_re2/TR_Mdvwhole/clus_centered.xtc,fluctuation,10351035,152034,0.014687806581660674,818,10394.862248096475,255775.5384377033,1000.0,10001,50,all,50,0,49,largest_cluster,8.0,100.0,46,1225,1035,1,58,844,three_antisymmetric_nac_bb,Any 3 banded antisymmetric N-ter BB,chain_pair,0.8,61.0,8.0,partner_consecutive_v2
G2_Wcluster_alhx700,$\mathrm{Hel}_{50}$,1,/data/jychen/MD_projects/curvature_phase/Alpha-Synuclein/martini3001/Martini_alhx/mdrun/M3IDP/W_cluster/alhx_700/TR_Mdvwhole/clus_centered.xtc,fluctuation,9460946,39785,0.0042051820187960064,121,96494.83673871226,587763.9362110265,1000.0,10001,50,all,50,0,49,largest_cluster,8.0,100.0,44,1225,946,1,58,844,three_antisymmetric_nac_bb,Any 3 banded antisymmetric N-ter BB,chain_pair,0.8,61.0,8.0,partner_consecutive_v2
G2_Wcluster_alhx700,$\mathrm{Hel}_{50}$,2,/data/jychen/MD_projects/curvature_phase/Alpha-Synuclein/martini3001/Martini_alhx/mdrun/M3IDP/W_cluster/alhx_700_re1/TR_Mdvwhole/clus_centered.xtc,fluctuation,10351035,64721,0.006252611453830463,123,128113.8457618281,750325.7887427049,1000.0,10001,50,all,50,0,49,largest_cluster,8.0,100.0,46,1225,1035,1,58,844,three_antisymmetric_nac_bb,Any 3 banded antisymmetric N-ter BB,chain_pair,0.8,61.0,8.0,partner_consecutive_v2
G2_Wcluster_alhx700,$\mathrm{Hel}_{50}$,3,/data/jychen/MD_projects/curvature_phase/Alpha-Synuclein/martini3001/Martini_alhx/mdrun/M3IDP/W_cluster/alhx_700_re2/TR_Mdvwhole/clus_centered.xtc,fluctuation,9030903,55384,0.006132720061327201,123,167176.68709877945,809769.3786733645,1000.0,10001,50,all,50,0,49,largest_cluster,8.0,100.0,43,1225,903,1,58,844,three_antisymmetric_nac_bb,Any 3 banded antisymmetric N-ter BB,chain_pair,0.8,61.0,8.0,partner_consecutive_v2
G3_Onmem_plus,$\mathrm{IDP}_{50}$-Mem,1,/data/jychen/MD_projects/curvature_phase/Alpha-Synuclein/martini3001/Martini_alhx/mdrun/M3IDP/Onmem/muti_chain/POPC7-POPG3/alhx_0_plus1/TR_Mdvwhole/clus_centered.xtc,fluctuation,5950595,89875,0.015103531663640358,393,10079.473367514614,239205.7192123866,1000.0,10001,50,last_40,40,10,49,largest_cluster,8.0,100.0,35,1225,595,1,58,844,three_antisymmetric_nac_bb,Any 3 banded antisymmetric N-ter BB,chain_pair,0.8,61.0,8.0,partner_consecutive_v2
G3_Onmem_plus,$\mathrm{IDP}_{50}$-Mem,2,/data/jychen/MD_projects/curvature_phase/Alpha-Synuclein/martini3001/Martini_alhx/mdrun/M3IDP/Onmem/muti_chain/POPC7-POPG3/alhx_0_plus2/TR_Mdvwhole/clus_centered.xtc,fluctuation,5950595,76610,0.012874342817819058,398,9509.901727224064,248387.5350503743,1000.0,10001,50,last_40,40,10,49,largest_cluster,8.0,100.0,35,1225,595,1,58,844,three_antisymmetric_nac_bb,Any 3 banded antisymmetric N-ter BB,chain_pair,0.8,61.0,8.0,partner_consecutive_v2
G3_Onmem_plus,$\mathrm{IDP}_{50}$-Mem,3,/data/jychen/MD_projects/curvature_phase/Alpha-Synuclein/martini3001/Martini_alhx/mdrun/M3IDP/Onmem/muti_chain/POPC7-POPG3/alhx_0_plus3/TR_Mdvwhole/clus_centered.xtc,fluctuation,5610561,72819,0.012978916012142102,380,9515.481063382627,250510.58443496554,1000.0,10001,50,last_40,40,10,49,largest_cluster,8.0,100.0,34,1225,561,1,58,844,three_antisymmetric_nac_bb,Any 3 banded antisymmetric N-ter BB,chain_pair,0.8,61.0,8.0,partner_consecutive_v2
G4_Onmem_wall,$\mathrm{Hel}_{10}\mathrm{IDP}_{40}$-Mem,1,/data/jychen/MD_projects/curvature_phase/Alpha-Synuclein/martini3001/Martini_alhx/mdrun/M3IDP/Onmem/muti_chain/POPC7-POPG3/alhx_700_WALL1/TR_Mdvwhole/clus_centered.xtc,fluctuation,5280528,95167,0.018022250805222507,374,11477.743242446179,287764.7429866452,1000.0,10001,50,all,50,0,49,largest_cluster,8.0,100.0,33,1225,528,1,58,844,three_antisymmetric_nac_bb,Any 3 banded antisymmetric N-ter BB,chain_pair,0.8,61.0,8.0,partner_consecutive_v2
G4_Onmem_wall,$\mathrm{Hel}_{10}\mathrm{IDP}_{40}$-Mem,2,/data/jychen/MD_projects/curvature_phase/Alpha-Synuclein/martini3001/Martini_alhx/mdrun/M3IDP/Onmem/muti_chain/POPC7-POPG3/alhx_700_WALL2/TR_Mdvwhole/clus_centered.xtc,fluctuation,4060406,68346,0.016832306917091543,301,8196.737274135257,187048.11766632204,1000.0,10001,50,all,50,0,49,largest_cluster,8.0,100.0,29,1225,406,1,58,844,three_antisymmetric_nac_bb,Any 3 banded antisymmetric N-ter BB,chain_pair,0.8,61.0,8.0,partner_consecutive_v2
G4_Onmem_wall,$\mathrm{Hel}_{10}\mathrm{IDP}_{40}$-Mem,3,/data/jychen/MD_projects/curvature_phase/Alpha-Synuclein/martini3001/Martini_alhx/mdrun/M3IDP/Onmem/muti_chain/POPC7-POPG3/alhx_700_WALL3/TR_Mdvwhole/clus_centered.xtc,fluctuation,8200820,100527,0.012258164427459693,458,9959.765532527603,243990.19275390732,1000.0,10001,50,all,50,0,49,largest_cluster,8.0,100.0,41,1225,820,1,58,844,three_antisymmetric_nac_bb,Any 3 banded antisymmetric N-ter BB,chain_pair,0.8,61.0,8.0,partner_consecutive_v2
