group,group_label,observable,contact_mode,contact_label,event_unit,chain_selection,chain_filter_method,time_ps,survival_mean,survival_std,t_1e_ps,t_01_ps,mean_lifetime_ps,contact_cutoff_nm,cluster_dist_cutoff_A,radius_limit_A,nac_start,nac_end,triplet_size
G1_Wcluster_alhx0,$\mathrm{IDP}_{50}$,Cter_three_corresponding_BB_contact_survival,three_corresponding_nac_bb,Any 3 corresponding C-ter BB,chain_pair,all,largest_cluster,0.0,1.0,0.0,952.5702614060488,2865.357772294565,1770.44543171301,0.8,8.0,100.0,96,140,3
G1_Wcluster_alhx0,$\mathrm{IDP}_{50}$,Cter_three_corresponding_BB_contact_survival,three_corresponding_nac_bb,Any 3 corresponding C-ter BB,chain_pair,all,largest_cluster,1000.0,0.33640531891525643,0.007266662957382865,952.5702614060488,2865.357772294565,1770.44543171301,0.8,8.0,100.0,96,140,3
G1_Wcluster_alhx0,$\mathrm{IDP}_{50}$,Cter_three_corresponding_BB_contact_survival,three_corresponding_nac_bb,Any 3 corresponding C-ter BB,chain_pair,all,largest_cluster,2000.0,0.160636232766465,0.008373171894906009,952.5702614060488,2865.357772294565,1770.44543171301,0.8,8.0,100.0,96,140,3
G1_Wcluster_alhx0,$\mathrm{IDP}_{50}$,Cter_three_corresponding_BB_contact_survival,three_corresponding_nac_bb,Any 3 corresponding C-ter BB,chain_pair,all,largest_cluster,3000.0,0.09056552362418367,0.006961527505574539,952.5702614060488,2865.357772294565,1770.44543171301,0.8,8.0,100.0,96,140,3
G1_Wcluster_alhx0,$\mathrm{IDP}_{50}$,Cter_three_corresponding_BB_contact_survival,three_corresponding_nac_bb,Any 3 corresponding C-ter BB,chain_pair,all,largest_cluster,4000.0,0.056508709811774645,0.00651486729136633,952.5702614060488,2865.357772294565,1770.44543171301,0.8,8.0,100.0,96,140,3
G1_Wcluster_alhx0,$\mathrm{IDP}_{50}$,Cter_three_corresponding_BB_contact_survival,three_corresponding_nac_bb,Any 3 corresponding C-ter BB,chain_pair,all,largest_cluster,5000.0,0.035999243819453776,0.004834493370095993,952.5702614060488,2865.357772294565,1770.44543171301,0.8,8.0,100.0,96,140,3
G1_Wcluster_alhx0,$\mathrm{IDP}_{50}$,Cter_three_corresponding_BB_contact_survival,three_corresponding_nac_bb,Any 3 corresponding C-ter BB,chain_pair,all,largest_cluster,6000.0,0.024224345632451304,0.0028078640130362654,952.5702614060488,2865.357772294565,1770.44543171301,0.8,8.0,100.0,96,140,3
G1_Wcluster_alhx0,$\mathrm{IDP}_{50}$,Cter_three_corresponding_BB_contact_survival,three_corresponding_nac_bb,Any 3 corresponding C-ter BB,chain_pair,all,largest_cluster,7000.0,0.01681644957203922,0.0029251235267272998,952.5702614060488,2865.357772294565,1770.44543171301,0.8,8.0,100.0,96,140,3
G1_Wcluster_alhx0,$\mathrm{IDP}_{50}$,Cter_three_corresponding_BB_contact_survival,three_corresponding_nac_bb,Any 3 corresponding C-ter BB,chain_pair,all,largest_cluster,8000.0,0.012745894902813248,0.0023799080870026065,952.5702614060488,2865.357772294565,1770.44543171301,0.8,8.0,100.0,96,140,3
G1_Wcluster_alhx0,$\mathrm{IDP}_{50}$,Cter_three_corresponding_BB_contact_survival,three_corresponding_nac_bb,Any 3 corresponding C-ter BB,chain_pair,all,largest_cluster,9000.0,0.009776316243881965,0.001816925218829218,952.5702614060488,2865.357772294565,1770.44543171301,0.8,8.0,100.0,96,140,3
G1_Wcluster_alhx0,$\mathrm{IDP}_{50}$,Cter_three_corresponding_BB_contact_survival,three_corresponding_nac_bb,Any 3 corresponding C-ter BB,chain_pair,all,largest_cluster,10000.0,0.007312330126230194,0.0016053602481412015,952.5702614060488,2865.357772294565,1770.44543171301,0.8,8.0,100.0,96,140,3
G1_Wcluster_alhx0,$\mathrm{IDP}_{50}$,Cter_three_corresponding_BB_contact_survival,three_corresponding_nac_bb,Any 3 corresponding C-ter BB,chain_pair,all,largest_cluster,11000.0,0.00483671874271309,0.0012070104102207334,952.5702614060488,2865.357772294565,1770.44543171301,0.8,8.0,100.0,96,140,3
G1_Wcluster_alhx0,$\mathrm{IDP}_{50}$,Cter_three_corresponding_BB_contact_survival,three_corresponding_nac_bb,Any 3 corresponding C-ter BB,chain_pair,all,largest_cluster,12000.0,0.0035926003542414635,0.0007149207155619641,952.5702614060488,2865.357772294565,1770.44543171301,0.8,8.0,100.0,96,140,3
G1_Wcluster_alhx0,$\mathrm{IDP}_{50}$,Cter_three_corresponding_BB_contact_survival,three_corresponding_nac_bb,Any 3 corresponding C-ter BB,chain_pair,all,largest_cluster,13000.0,0.002972966225934798,0.0005947498136252987,952.5702614060488,2865.357772294565,1770.44543171301,0.8,8.0,100.0,96,140,3
G1_Wcluster_alhx0,$\mathrm{IDP}_{50}$,Cter_three_corresponding_BB_contact_survival,three_corresponding_nac_bb,Any 3 corresponding C-ter BB,chain_pair,all,largest_cluster,14000.0,0.0019879568048160007,0.000805959955733199,952.5702614060488,2865.357772294565,1770.44543171301,0.8,8.0,100.0,96,140,3
G1_Wcluster_alhx0,$\mathrm{IDP}_{50}$,Cter_three_corresponding_BB_contact_survival,three_corresponding_nac_bb,Any 3 corresponding C-ter BB,chain_pair,all,largest_cluster,15000.0,0.0014920645272530851,0.0005630700193538982,952.5702614060488,2865.357772294565,1770.44543171301,0.8,8.0,100.0,96,140,3
G1_Wcluster_alhx0,$\mathrm{IDP}_{50}$,Cter_three_corresponding_BB_contact_survival,three_corresponding_nac_bb,Any 3 corresponding C-ter BB,chain_pair,all,largest_cluster,16000.0,0.0009883969881223143,0.00018160242369714361,952.5702614060488,2865.357772294565,1770.44543171301,0.8,8.0,100.0,96,140,3
G1_Wcluster_alhx0,$\mathrm{IDP}_{50}$,Cter_three_corresponding_BB_contact_survival,three_corresponding_nac_bb,Any 3 corresponding C-ter BB,chain_pair,all,largest_cluster,17000.0,0.0007404508493408566,1.6188022089010354e-05,952.5702614060488,2865.357772294565,1770.44543171301,0.8,8.0,100.0,96,140,3
G1_Wcluster_alhx0,$\mathrm{IDP}_{50}$,Cter_three_corresponding_BB_contact_survival,three_corresponding_nac_bb,Any 3 corresponding C-ter BB,chain_pair,all,largest_cluster,18000.0,0.0006181715634518862,0.00017839119000262262,952.5702614060488,2865.357772294565,1770.44543171301,0.8,8.0,100.0,96,140,3
G1_Wcluster_alhx0,$\mathrm{IDP}_{50}$,Cter_three_corresponding_BB_contact_survival,three_corresponding_nac_bb,Any 3 corresponding C-ter BB,chain_pair,all,largest_cluster,19000.0,0.0004910421457046194,0.00016546936260852915,952.5702614060488,2865.357772294565,1770.44543171301,0.8,8.0,100.0,96,140,3
G1_Wcluster_alhx0,$\mathrm{IDP}_{50}$,Cter_three_corresponding_BB_contact_survival,three_corresponding_nac_bb,Any 3 corresponding C-ter BB,chain_pair,all,largest_cluster,20000.0,0.0003702254246704283,8.094011044505177e-06,952.5702614060488,2865.357772294565,1770.44543171301,0.8,8.0,100.0,96,140,3
G1_Wcluster_alhx0,$\mathrm{IDP}_{50}$,Cter_three_corresponding_BB_contact_survival,three_corresponding_nac_bb,Any 3 corresponding C-ter BB,chain_pair,all,largest_cluster,21000.0,0.0002494087036362371,0.00017645859682463328,952.5702614060488,2865.357772294565,1770.44543171301,0.8,8.0,100.0,96,140,3
G1_Wcluster_alhx0,$\mathrm{IDP}_{50}$,Cter_three_corresponding_BB_contact_survival,three_corresponding_nac_bb,Any 3 corresponding C-ter BB,chain_pair,all,largest_cluster,22000.0,0.0002494087036362371,0.00017645859682463328,952.5702614060488,2865.357772294565,1770.44543171301,0.8,8.0,100.0,96,140,3
G1_Wcluster_alhx0,$\mathrm{IDP}_{50}$,Cter_three_corresponding_BB_contact_survival,three_corresponding_nac_bb,Any 3 corresponding C-ter BB,chain_pair,all,largest_cluster,23000.0,0.0002494087036362371,0.00017645859682463328,952.5702614060488,2865.357772294565,1770.44543171301,0.8,8.0,100.0,96,140,3
G1_Wcluster_alhx0,$\mathrm{IDP}_{50}$,Cter_three_corresponding_BB_contact_survival,three_corresponding_nac_bb,Any 3 corresponding C-ter BB,chain_pair,all,largest_cluster,24000.0,0.0002494087036362371,0.00017645859682463328,952.5702614060488,2865.357772294565,1770.44543171301,0.8,8.0,100.0,96,140,3
G1_Wcluster_alhx0,$\mathrm{IDP}_{50}$,Cter_three_corresponding_BB_contact_survival,three_corresponding_nac_bb,Any 3 corresponding C-ter BB,chain_pair,all,largest_cluster,25000.0,0.00012227928588897041,0.00017292902450147897,952.5702614060488,2865.357772294565,1770.44543171301,0.8,8.0,100.0,96,140,3
G1_Wcluster_alhx0,$\mathrm{IDP}_{50}$,Cter_three_corresponding_BB_contact_survival,three_corresponding_nac_bb,Any 3 corresponding C-ter BB,chain_pair,all,largest_cluster,26000.0,0.00012227928588897041,0.00017292902450147897,952.5702614060488,2865.357772294565,1770.44543171301,0.8,8.0,100.0,96,140,3
G1_Wcluster_alhx0,$\mathrm{IDP}_{50}$,Cter_three_corresponding_BB_contact_survival,three_corresponding_nac_bb,Any 3 corresponding C-ter BB,chain_pair,all,largest_cluster,27000.0,0.00012227928588897041,0.00017292902450147897,952.5702614060488,2865.357772294565,1770.44543171301,0.8,8.0,100.0,96,140,3
G2_Wcluster_alhx700,$\mathrm{Hel}_{50}$,Cter_three_corresponding_BB_contact_survival,three_corresponding_nac_bb,Any 3 corresponding C-ter BB,chain_pair,all,largest_cluster,0.0,1.0,0.0,1072.6533503499377,3615.3415072765993,2186.633284213851,0.8,8.0,100.0,96,140,3
G2_Wcluster_alhx700,$\mathrm{Hel}_{50}$,Cter_three_corresponding_BB_contact_survival,three_corresponding_nac_bb,Any 3 corresponding C-ter BB,chain_pair,all,largest_cluster,1000.0,0.3806730556572721,0.007311218371280111,1072.6533503499377,3615.3415072765993,2186.633284213851,0.8,8.0,100.0,96,140,3
G2_Wcluster_alhx700,$\mathrm{Hel}_{50}$,Cter_three_corresponding_BB_contact_survival,three_corresponding_nac_bb,Any 3 corresponding C-ter BB,chain_pair,all,largest_cluster,2000.0,0.20458187164154787,0.005299910624576697,1072.6533503499377,3615.3415072765993,2186.633284213851,0.8,8.0,100.0,96,140,3
G2_Wcluster_alhx700,$\mathrm{Hel}_{50}$,Cter_three_corresponding_BB_contact_survival,three_corresponding_nac_bb,Any 3 corresponding C-ter BB,chain_pair,all,largest_cluster,3000.0,0.12397384596325445,0.007625594900302695,1072.6533503499377,3615.3415072765993,2186.633284213851,0.8,8.0,100.0,96,140,3
G2_Wcluster_alhx700,$\mathrm{Hel}_{50}$,Cter_three_corresponding_BB_contact_survival,three_corresponding_nac_bb,Any 3 corresponding C-ter BB,chain_pair,all,largest_cluster,4000.0,0.08501361708261423,0.006451513139217229,1072.6533503499377,3615.3415072765993,2186.633284213851,0.8,8.0,100.0,96,140,3
G2_Wcluster_alhx700,$\mathrm{Hel}_{50}$,Cter_three_corresponding_BB_contact_survival,three_corresponding_nac_bb,Any 3 corresponding C-ter BB,chain_pair,all,largest_cluster,5000.0,0.06194101659918566,0.003333398842245602,1072.6533503499377,3615.3415072765993,2186.633284213851,0.8,8.0,100.0,96,140,3
G2_Wcluster_alhx700,$\mathrm{Hel}_{50}$,Cter_three_corresponding_BB_contact_survival,three_corresponding_nac_bb,Any 3 corresponding C-ter BB,chain_pair,all,largest_cluster,6000.0,0.04938937986755925,0.00333389121724536,1072.6533503499377,3615.3415072765993,2186.633284213851,0.8,8.0,100.0,96,140,3
G2_Wcluster_alhx700,$\mathrm{Hel}_{50}$,Cter_three_corresponding_BB_contact_survival,three_corresponding_nac_bb,Any 3 corresponding C-ter BB,chain_pair,all,largest_cluster,7000.0,0.03850784354320089,0.0044161248734644575,1072.6533503499377,3615.3415072765993,2186.633284213851,0.8,8.0,100.0,96,140,3
G2_Wcluster_alhx700,$\mathrm{Hel}_{50}$,Cter_three_corresponding_BB_contact_survival,three_corresponding_nac_bb,Any 3 corresponding C-ter BB,chain_pair,all,largest_cluster,8000.0,0.03072020478245623,0.0033675264269953853,1072.6533503499377,3615.3415072765993,2186.633284213851,0.8,8.0,100.0,96,140,3
G2_Wcluster_alhx700,$\mathrm{Hel}_{50}$,Cter_three_corresponding_BB_contact_survival,three_corresponding_nac_bb,Any 3 corresponding C-ter BB,chain_pair,all,largest_cluster,9000.0,0.02624998421646989,0.00342306790141271,1072.6533503499377,3615.3415072765993,2186.633284213851,0.8,8.0,100.0,96,140,3
G2_Wcluster_alhx700,$\mathrm{Hel}_{50}$,Cter_three_corresponding_BB_contact_survival,three_corresponding_nac_bb,Any 3 corresponding C-ter BB,chain_pair,all,largest_cluster,10000.0,0.02133543273706301,0.0031091714986816858,1072.6533503499377,3615.3415072765993,2186.633284213851,0.8,8.0,100.0,96,140,3
G2_Wcluster_alhx700,$\mathrm{Hel}_{50}$,Cter_three_corresponding_BB_contact_survival,three_corresponding_nac_bb,Any 3 corresponding C-ter BB,chain_pair,all,largest_cluster,11000.0,0.018258759152591116,0.0024205952945299957,1072.6533503499377,3615.3415072765993,2186.633284213851,0.8,8.0,100.0,96,140,3
G2_Wcluster_alhx700,$\mathrm{Hel}_{50}$,Cter_three_corresponding_BB_contact_survival,three_corresponding_nac_bb,Any 3 corresponding C-ter BB,chain_pair,all,largest_cluster,12000.0,0.016264972308482444,0.0027302073292254274,1072.6533503499377,3615.3415072765993,2186.633284213851,0.8,8.0,100.0,96,140,3
G2_Wcluster_alhx700,$\mathrm{Hel}_{50}$,Cter_three_corresponding_BB_contact_survival,three_corresponding_nac_bb,Any 3 corresponding C-ter BB,chain_pair,all,largest_cluster,13000.0,0.013679693677068805,0.0024450910304794006,1072.6533503499377,3615.3415072765993,2186.633284213851,0.8,8.0,100.0,96,140,3
G2_Wcluster_alhx700,$\mathrm{Hel}_{50}$,Cter_three_corresponding_BB_contact_survival,three_corresponding_nac_bb,Any 3 corresponding C-ter BB,chain_pair,all,largest_cluster,14000.0,0.011544373571160983,0.002113834057722733,1072.6533503499377,3615.3415072765993,2186.633284213851,0.8,8.0,100.0,96,140,3
G2_Wcluster_alhx700,$\mathrm{Hel}_{50}$,Cter_three_corresponding_BB_contact_survival,three_corresponding_nac_bb,Any 3 corresponding C-ter BB,chain_pair,all,largest_cluster,15000.0,0.009853384378673705,0.0022871048291466145,1072.6533503499377,3615.3415072765993,2186.633284213851,0.8,8.0,100.0,96,140,3
G2_Wcluster_alhx700,$\mathrm{Hel}_{50}$,Cter_three_corresponding_BB_contact_survival,three_corresponding_nac_bb,Any 3 corresponding C-ter BB,chain_pair,all,largest_cluster,16000.0,0.008506629265360265,0.0027959853612824653,1072.6533503499377,3615.3415072765993,2186.633284213851,0.8,8.0,100.0,96,140,3
G2_Wcluster_alhx700,$\mathrm{Hel}_{50}$,Cter_three_corresponding_BB_contact_survival,three_corresponding_nac_bb,Any 3 corresponding C-ter BB,chain_pair,all,largest_cluster,17000.0,0.008162395186186427,0.0025620795164661165,1072.6533503499377,3615.3415072765993,2186.633284213851,0.8,8.0,100.0,96,140,3
G2_Wcluster_alhx700,$\mathrm{Hel}_{50}$,Cter_three_corresponding_BB_contact_survival,three_corresponding_nac_bb,Any 3 corresponding C-ter BB,chain_pair,all,largest_cluster,18000.0,0.007771369238811586,0.002886586215081988,1072.6533503499377,3615.3415072765993,2186.633284213851,0.8,8.0,100.0,96,140,3
G2_Wcluster_alhx700,$\mathrm{Hel}_{50}$,Cter_three_corresponding_BB_contact_survival,three_corresponding_nac_bb,Any 3 corresponding C-ter BB,chain_pair,all,largest_cluster,19000.0,0.00738597090352201,0.002632567884990117,1072.6533503499377,3615.3415072765993,2186.633284213851,0.8,8.0,100.0,96,140,3
G2_Wcluster_alhx700,$\mathrm{Hel}_{50}$,Cter_three_corresponding_BB_contact_survival,three_corresponding_nac_bb,Any 3 corresponding C-ter BB,chain_pair,all,largest_cluster,20000.0,0.006771083182116545,0.002318998778249799,1072.6533503499377,3615.3415072765993,2186.633284213851,0.8,8.0,100.0,96,140,3
G2_Wcluster_alhx700,$\mathrm{Hel}_{50}$,Cter_three_corresponding_BB_contact_survival,three_corresponding_nac_bb,Any 3 corresponding C-ter BB,chain_pair,all,largest_cluster,21000.0,0.005879914206394183,0.002443795691354934,1072.6533503499377,3615.3415072765993,2186.633284213851,0.8,8.0,100.0,96,140,3
G2_Wcluster_alhx700,$\mathrm{Hel}_{50}$,Cter_three_corresponding_BB_contact_survival,three_corresponding_nac_bb,Any 3 corresponding C-ter BB,chain_pair,all,largest_cluster,22000.0,0.004953208586641351,0.0019011772579267416,1072.6533503499377,3615.3415072765993,2186.633284213851,0.8,8.0,100.0,96,140,3
G2_Wcluster_alhx700,$\mathrm{Hel}_{50}$,Cter_three_corresponding_BB_contact_survival,three_corresponding_nac_bb,Any 3 corresponding C-ter BB,chain_pair,all,largest_cluster,23000.0,0.004159015981961701,0.0017338697879882546,1072.6533503499377,3615.3415072765993,2186.633284213851,0.8,8.0,100.0,96,140,3
G2_Wcluster_alhx700,$\mathrm{Hel}_{50}$,Cter_three_corresponding_BB_contact_survival,three_corresponding_nac_bb,Any 3 corresponding C-ter BB,chain_pair,all,largest_cluster,24000.0,0.0037502217125716247,0.0017001249146253714,1072.6533503499377,3615.3415072765993,2186.633284213851,0.8,8.0,100.0,96,140,3
G2_Wcluster_alhx700,$\mathrm{Hel}_{50}$,Cter_three_corresponding_BB_contact_survival,three_corresponding_nac_bb,Any 3 corresponding C-ter BB,chain_pair,all,largest_cluster,25000.0,0.0034973363923552314,0.0018805599474921054,1072.6533503499377,3615.3415072765993,2186.633284213851,0.8,8.0,100.0,96,140,3
G2_Wcluster_alhx700,$\mathrm{Hel}_{50}$,Cter_three_corresponding_BB_contact_survival,three_corresponding_nac_bb,Any 3 corresponding C-ter BB,chain_pair,all,largest_cluster,26000.0,0.0029560291078919738,0.0015567569056505663,1072.6533503499377,3615.3415072765993,2186.633284213851,0.8,8.0,100.0,96,140,3
G2_Wcluster_alhx700,$\mathrm{Hel}_{50}$,Cter_three_corresponding_BB_contact_survival,three_corresponding_nac_bb,Any 3 corresponding C-ter BB,chain_pair,all,largest_cluster,27000.0,0.002547234838501898,0.0015187452514044764,1072.6533503499377,3615.3415072765993,2186.633284213851,0.8,8.0,100.0,96,140,3
G2_Wcluster_alhx700,$\mathrm{Hel}_{50}$,Cter_three_corresponding_BB_contact_survival,three_corresponding_nac_bb,Any 3 corresponding C-ter BB,chain_pair,all,largest_cluster,28000.0,0.002138440569111822,0.001481484853786577,1072.6533503499377,3615.3415072765993,2186.633284213851,0.8,8.0,100.0,96,140,3
G2_Wcluster_alhx700,$\mathrm{Hel}_{50}$,Cter_three_corresponding_BB_contact_survival,three_corresponding_nac_bb,Any 3 corresponding C-ter BB,chain_pair,all,largest_cluster,29000.0,0.002138440569111822,0.001481484853786577,1072.6533503499377,3615.3415072765993,2186.633284213851,0.8,8.0,100.0,96,140,3
G2_Wcluster_alhx700,$\mathrm{Hel}_{50}$,Cter_three_corresponding_BB_contact_survival,three_corresponding_nac_bb,Any 3 corresponding C-ter BB,chain_pair,all,largest_cluster,30000.0,0.002138440569111822,0.001481484853786577,1072.6533503499377,3615.3415072765993,2186.633284213851,0.8,8.0,100.0,96,140,3
G2_Wcluster_alhx700,$\mathrm{Hel}_{50}$,Cter_three_corresponding_BB_contact_survival,three_corresponding_nac_bb,Any 3 corresponding C-ter BB,chain_pair,all,largest_cluster,31000.0,0.0016707137215907742,0.0008336156438857008,1072.6533503499377,3615.3415072765993,2186.633284213851,0.8,8.0,100.0,96,140,3
G2_Wcluster_alhx700,$\mathrm{Hel}_{50}$,Cter_three_corresponding_BB_contact_survival,three_corresponding_nac_bb,Any 3 corresponding C-ter BB,chain_pair,all,largest_cluster,32000.0,0.001532573094432327,0.0009826869265535316,1072.6533503499377,3615.3415072765993,2186.633284213851,0.8,8.0,100.0,96,140,3
G2_Wcluster_alhx700,$\mathrm{Hel}_{50}$,Cter_three_corresponding_BB_contact_survival,three_corresponding_nac_bb,Any 3 corresponding C-ter BB,chain_pair,all,largest_cluster,33000.0,0.0012207551960849619,0.0006047764964696916,1072.6533503499377,3615.3415072765993,2186.633284213851,0.8,8.0,100.0,96,140,3
G2_Wcluster_alhx700,$\mathrm{Hel}_{50}$,Cter_three_corresponding_BB_contact_survival,three_corresponding_nac_bb,Any 3 corresponding C-ter BB,chain_pair,all,largest_cluster,34000.0,0.0011060105030270158,0.0005968629577719737,1072.6533503499377,3615.3415072765993,2186.633284213851,0.8,8.0,100.0,96,140,3
G2_Wcluster_alhx700,$\mathrm{Hel}_{50}$,Cter_three_corresponding_BB_contact_survival,three_corresponding_nac_bb,Any 3 corresponding C-ter BB,chain_pair,all,largest_cluster,35000.0,0.0009501015538533331,0.00040786278507677355,1072.6533503499377,3615.3415072765993,2186.633284213851,0.8,8.0,100.0,96,140,3
G2_Wcluster_alhx700,$\mathrm{Hel}_{50}$,Cter_three_corresponding_BB_contact_survival,three_corresponding_nac_bb,Any 3 corresponding C-ter BB,chain_pair,all,largest_cluster,36000.0,0.0009501015538533331,0.00040786278507677355,1072.6533503499377,3615.3415072765993,2186.633284213851,0.8,8.0,100.0,96,140,3
G2_Wcluster_alhx700,$\mathrm{Hel}_{50}$,Cter_three_corresponding_BB_contact_survival,three_corresponding_nac_bb,Any 3 corresponding C-ter BB,chain_pair,all,largest_cluster,37000.0,0.0009501015538533331,0.00040786278507677355,1072.6533503499377,3615.3415072765993,2186.633284213851,0.8,8.0,100.0,96,140,3
G2_Wcluster_alhx700,$\mathrm{Hel}_{50}$,Cter_three_corresponding_BB_contact_survival,three_corresponding_nac_bb,Any 3 corresponding C-ter BB,chain_pair,all,largest_cluster,38000.0,0.0007941926046796506,0.00027145738941981986,1072.6533503499377,3615.3415072765993,2186.633284213851,0.8,8.0,100.0,96,140,3
G2_Wcluster_alhx700,$\mathrm{Hel}_{50}$,Cter_three_corresponding_BB_contact_survival,three_corresponding_nac_bb,Any 3 corresponding C-ter BB,chain_pair,all,largest_cluster,39000.0,0.0006560519775212032,0.0004655945787633299,1072.6533503499377,3615.3415072765993,2186.633284213851,0.8,8.0,100.0,96,140,3
G2_Wcluster_alhx700,$\mathrm{Hel}_{50}$,Cter_three_corresponding_BB_contact_survival,three_corresponding_nac_bb,Any 3 corresponding C-ter BB,chain_pair,all,largest_cluster,40000.0,0.0006560519775212032,0.0004655945787633299,1072.6533503499377,3615.3415072765993,2186.633284213851,0.8,8.0,100.0,96,140,3
G2_Wcluster_alhx700,$\mathrm{Hel}_{50}$,Cter_three_corresponding_BB_contact_survival,three_corresponding_nac_bb,Any 3 corresponding C-ter BB,chain_pair,all,largest_cluster,41000.0,0.0005413072844632573,0.0003958203683438544,1072.6533503499377,3615.3415072765993,2186.633284213851,0.8,8.0,100.0,96,140,3
G2_Wcluster_alhx700,$\mathrm{Hel}_{50}$,Cter_three_corresponding_BB_contact_survival,three_corresponding_nac_bb,Any 3 corresponding C-ter BB,chain_pair,all,largest_cluster,42000.0,0.0005413072844632573,0.0003958203683438544,1072.6533503499377,3615.3415072765993,2186.633284213851,0.8,8.0,100.0,96,140,3
G2_Wcluster_alhx700,$\mathrm{Hel}_{50}$,Cter_three_corresponding_BB_contact_survival,three_corresponding_nac_bb,Any 3 corresponding C-ter BB,chain_pair,all,largest_cluster,43000.0,0.0005413072844632573,0.0003958203683438544,1072.6533503499377,3615.3415072765993,2186.633284213851,0.8,8.0,100.0,96,140,3
G2_Wcluster_alhx700,$\mathrm{Hel}_{50}$,Cter_three_corresponding_BB_contact_survival,three_corresponding_nac_bb,Any 3 corresponding C-ter BB,chain_pair,all,largest_cluster,44000.0,0.0004265625914053112,0.00038630893667863226,1072.6533503499377,3615.3415072765993,2186.633284213851,0.8,8.0,100.0,96,140,3
G2_Wcluster_alhx700,$\mathrm{Hel}_{50}$,Cter_three_corresponding_BB_contact_survival,three_corresponding_nac_bb,Any 3 corresponding C-ter BB,chain_pair,all,largest_cluster,45000.0,0.0004265625914053112,0.00038630893667863226,1072.6533503499377,3615.3415072765993,2186.633284213851,0.8,8.0,100.0,96,140,3
G2_Wcluster_alhx700,$\mathrm{Hel}_{50}$,Cter_three_corresponding_BB_contact_survival,three_corresponding_nac_bb,Any 3 corresponding C-ter BB,chain_pair,all,largest_cluster,46000.0,0.0004265625914053112,0.00038630893667863226,1072.6533503499377,3615.3415072765993,2186.633284213851,0.8,8.0,100.0,96,140,3
G2_Wcluster_alhx700,$\mathrm{Hel}_{50}$,Cter_three_corresponding_BB_contact_survival,three_corresponding_nac_bb,Any 3 corresponding C-ter BB,chain_pair,all,largest_cluster,47000.0,0.00027065364223162865,0.0001979101841719272,1072.6533503499377,3615.3415072765993,2186.633284213851,0.8,8.0,100.0,96,140,3
G2_Wcluster_alhx700,$\mathrm{Hel}_{50}$,Cter_three_corresponding_BB_contact_survival,three_corresponding_nac_bb,Any 3 corresponding C-ter BB,chain_pair,all,largest_cluster,48000.0,0.00027065364223162865,0.0001979101841719272,1072.6533503499377,3615.3415072765993,2186.633284213851,0.8,8.0,100.0,96,140,3
G2_Wcluster_alhx700,$\mathrm{Hel}_{50}$,Cter_three_corresponding_BB_contact_survival,three_corresponding_nac_bb,Any 3 corresponding C-ter BB,chain_pair,all,largest_cluster,49000.0,0.00027065364223162865,0.0001979101841719272,1072.6533503499377,3615.3415072765993,2186.633284213851,0.8,8.0,100.0,96,140,3
G2_Wcluster_alhx700,$\mathrm{Hel}_{50}$,Cter_three_corresponding_BB_contact_survival,three_corresponding_nac_bb,Any 3 corresponding C-ter BB,chain_pair,all,largest_cluster,50000.0,0.00011474469305794607,0.00016227350113288527,1072.6533503499377,3615.3415072765993,2186.633284213851,0.8,8.0,100.0,96,140,3
G2_Wcluster_alhx700,$\mathrm{Hel}_{50}$,Cter_three_corresponding_BB_contact_survival,three_corresponding_nac_bb,Any 3 corresponding C-ter BB,chain_pair,all,largest_cluster,51000.0,0.00011474469305794607,0.00016227350113288527,1072.6533503499377,3615.3415072765993,2186.633284213851,0.8,8.0,100.0,96,140,3
G2_Wcluster_alhx700,$\mathrm{Hel}_{50}$,Cter_three_corresponding_BB_contact_survival,three_corresponding_nac_bb,Any 3 corresponding C-ter BB,chain_pair,all,largest_cluster,52000.0,0.00011474469305794607,0.00016227350113288527,1072.6533503499377,3615.3415072765993,2186.633284213851,0.8,8.0,100.0,96,140,3
G2_Wcluster_alhx700,$\mathrm{Hel}_{50}$,Cter_three_corresponding_BB_contact_survival,three_corresponding_nac_bb,Any 3 corresponding C-ter BB,chain_pair,all,largest_cluster,53000.0,0.00011474469305794607,0.00016227350113288527,1072.6533503499377,3615.3415072765993,2186.633284213851,0.8,8.0,100.0,96,140,3
G2_Wcluster_alhx700,$\mathrm{Hel}_{50}$,Cter_three_corresponding_BB_contact_survival,three_corresponding_nac_bb,Any 3 corresponding C-ter BB,chain_pair,all,largest_cluster,54000.0,0.00011474469305794607,0.00016227350113288527,1072.6533503499377,3615.3415072765993,2186.633284213851,0.8,8.0,100.0,96,140,3
G2_Wcluster_alhx700,$\mathrm{Hel}_{50}$,Cter_three_corresponding_BB_contact_survival,three_corresponding_nac_bb,Any 3 corresponding C-ter BB,chain_pair,all,largest_cluster,55000.0,0.00011474469305794607,0.00016227350113288527,1072.6533503499377,3615.3415072765993,2186.633284213851,0.8,8.0,100.0,96,140,3
G2_Wcluster_alhx700,$\mathrm{Hel}_{50}$,Cter_three_corresponding_BB_contact_survival,three_corresponding_nac_bb,Any 3 corresponding C-ter BB,chain_pair,all,largest_cluster,56000.0,0.00011474469305794607,0.00016227350113288527,1072.6533503499377,3615.3415072765993,2186.633284213851,0.8,8.0,100.0,96,140,3
G2_Wcluster_alhx700,$\mathrm{Hel}_{50}$,Cter_three_corresponding_BB_contact_survival,three_corresponding_nac_bb,Any 3 corresponding C-ter BB,chain_pair,all,largest_cluster,57000.0,0.00011474469305794607,0.00016227350113288527,1072.6533503499377,3615.3415072765993,2186.633284213851,0.8,8.0,100.0,96,140,3
G2_Wcluster_alhx700,$\mathrm{Hel}_{50}$,Cter_three_corresponding_BB_contact_survival,three_corresponding_nac_bb,Any 3 corresponding C-ter BB,chain_pair,all,largest_cluster,58000.0,0.00011474469305794607,0.00016227350113288527,1072.6533503499377,3615.3415072765993,2186.633284213851,0.8,8.0,100.0,96,140,3
G2_Wcluster_alhx700,$\mathrm{Hel}_{50}$,Cter_three_corresponding_BB_contact_survival,three_corresponding_nac_bb,Any 3 corresponding C-ter BB,chain_pair,all,largest_cluster,59000.0,0.00011474469305794607,0.00016227350113288527,1072.6533503499377,3615.3415072765993,2186.633284213851,0.8,8.0,100.0,96,140,3
G2_Wcluster_alhx700,$\mathrm{Hel}_{50}$,Cter_three_corresponding_BB_contact_survival,three_corresponding_nac_bb,Any 3 corresponding C-ter BB,chain_pair,all,largest_cluster,60000.0,0.00011474469305794607,0.00016227350113288527,1072.6533503499377,3615.3415072765993,2186.633284213851,0.8,8.0,100.0,96,140,3
G2_Wcluster_alhx700,$\mathrm{Hel}_{50}$,Cter_three_corresponding_BB_contact_survival,three_corresponding_nac_bb,Any 3 corresponding C-ter BB,chain_pair,all,largest_cluster,61000.0,0.00011474469305794607,0.00016227350113288527,1072.6533503499377,3615.3415072765993,2186.633284213851,0.8,8.0,100.0,96,140,3
G2_Wcluster_alhx700,$\mathrm{Hel}_{50}$,Cter_three_corresponding_BB_contact_survival,three_corresponding_nac_bb,Any 3 corresponding C-ter BB,chain_pair,all,largest_cluster,62000.0,0.00011474469305794607,0.00016227350113288527,1072.6533503499377,3615.3415072765993,2186.633284213851,0.8,8.0,100.0,96,140,3
G2_Wcluster_alhx700,$\mathrm{Hel}_{50}$,Cter_three_corresponding_BB_contact_survival,three_corresponding_nac_bb,Any 3 corresponding C-ter BB,chain_pair,all,largest_cluster,63000.0,0.00011474469305794607,0.00016227350113288527,1072.6533503499377,3615.3415072765993,2186.633284213851,0.8,8.0,100.0,96,140,3
G2_Wcluster_alhx700,$\mathrm{Hel}_{50}$,Cter_three_corresponding_BB_contact_survival,three_corresponding_nac_bb,Any 3 corresponding C-ter BB,chain_pair,all,largest_cluster,64000.0,0.00011474469305794607,0.00016227350113288527,1072.6533503499377,3615.3415072765993,2186.633284213851,0.8,8.0,100.0,96,140,3
G2_Wcluster_alhx700,$\mathrm{Hel}_{50}$,Cter_three_corresponding_BB_contact_survival,three_corresponding_nac_bb,Any 3 corresponding C-ter BB,chain_pair,all,largest_cluster,65000.0,0.00011474469305794607,0.00016227350113288527,1072.6533503499377,3615.3415072765993,2186.633284213851,0.8,8.0,100.0,96,140,3
G2_Wcluster_alhx700,$\mathrm{Hel}_{50}$,Cter_three_corresponding_BB_contact_survival,three_corresponding_nac_bb,Any 3 corresponding C-ter BB,chain_pair,all,largest_cluster,66000.0,0.00011474469305794607,0.00016227350113288527,1072.6533503499377,3615.3415072765993,2186.633284213851,0.8,8.0,100.0,96,140,3
G2_Wcluster_alhx700,$\mathrm{Hel}_{50}$,Cter_three_corresponding_BB_contact_survival,three_corresponding_nac_bb,Any 3 corresponding C-ter BB,chain_pair,all,largest_cluster,67000.0,0.00011474469305794607,0.00016227350113288527,1072.6533503499377,3615.3415072765993,2186.633284213851,0.8,8.0,100.0,96,140,3
G2_Wcluster_alhx700,$\mathrm{Hel}_{50}$,Cter_three_corresponding_BB_contact_survival,three_corresponding_nac_bb,Any 3 corresponding C-ter BB,chain_pair,all,largest_cluster,68000.0,0.00011474469305794607,0.00016227350113288527,1072.6533503499377,3615.3415072765993,2186.633284213851,0.8,8.0,100.0,96,140,3
G2_Wcluster_alhx700,$\mathrm{Hel}_{50}$,Cter_three_corresponding_BB_contact_survival,three_corresponding_nac_bb,Any 3 corresponding C-ter BB,chain_pair,all,largest_cluster,69000.0,0.00011474469305794607,0.00016227350113288527,1072.6533503499377,3615.3415072765993,2186.633284213851,0.8,8.0,100.0,96,140,3
G2_Wcluster_alhx700,$\mathrm{Hel}_{50}$,Cter_three_corresponding_BB_contact_survival,three_corresponding_nac_bb,Any 3 corresponding C-ter BB,chain_pair,all,largest_cluster,70000.0,0.00011474469305794607,0.00016227350113288527,1072.6533503499377,3615.3415072765993,2186.633284213851,0.8,8.0,100.0,96,140,3
G2_Wcluster_alhx700,$\mathrm{Hel}_{50}$,Cter_three_corresponding_BB_contact_survival,three_corresponding_nac_bb,Any 3 corresponding C-ter BB,chain_pair,all,largest_cluster,71000.0,0.00011474469305794607,0.00016227350113288527,1072.6533503499377,3615.3415072765993,2186.633284213851,0.8,8.0,100.0,96,140,3
G2_Wcluster_alhx700,$\mathrm{Hel}_{50}$,Cter_three_corresponding_BB_contact_survival,three_corresponding_nac_bb,Any 3 corresponding C-ter BB,chain_pair,all,largest_cluster,72000.0,0.00011474469305794607,0.00016227350113288527,1072.6533503499377,3615.3415072765993,2186.633284213851,0.8,8.0,100.0,96,140,3
G2_Wcluster_alhx700,$\mathrm{Hel}_{50}$,Cter_three_corresponding_BB_contact_survival,three_corresponding_nac_bb,Any 3 corresponding C-ter BB,chain_pair,all,largest_cluster,73000.0,0.00011474469305794607,0.00016227350113288527,1072.6533503499377,3615.3415072765993,2186.633284213851,0.8,8.0,100.0,96,140,3
G2_Wcluster_alhx700,$\mathrm{Hel}_{50}$,Cter_three_corresponding_BB_contact_survival,three_corresponding_nac_bb,Any 3 corresponding C-ter BB,chain_pair,all,largest_cluster,74000.0,0.00011474469305794607,0.00016227350113288527,1072.6533503499377,3615.3415072765993,2186.633284213851,0.8,8.0,100.0,96,140,3
G2_Wcluster_alhx700,$\mathrm{Hel}_{50}$,Cter_three_corresponding_BB_contact_survival,three_corresponding_nac_bb,Any 3 corresponding C-ter BB,chain_pair,all,largest_cluster,75000.0,0.00011474469305794607,0.00016227350113288527,1072.6533503499377,3615.3415072765993,2186.633284213851,0.8,8.0,100.0,96,140,3
G2_Wcluster_alhx700,$\mathrm{Hel}_{50}$,Cter_three_corresponding_BB_contact_survival,three_corresponding_nac_bb,Any 3 corresponding C-ter BB,chain_pair,all,largest_cluster,76000.0,0.00011474469305794607,0.00016227350113288527,1072.6533503499377,3615.3415072765993,2186.633284213851,0.8,8.0,100.0,96,140,3
G2_Wcluster_alhx700,$\mathrm{Hel}_{50}$,Cter_three_corresponding_BB_contact_survival,three_corresponding_nac_bb,Any 3 corresponding C-ter BB,chain_pair,all,largest_cluster,77000.0,0.00011474469305794607,0.00016227350113288527,1072.6533503499377,3615.3415072765993,2186.633284213851,0.8,8.0,100.0,96,140,3
G2_Wcluster_alhx700,$\mathrm{Hel}_{50}$,Cter_three_corresponding_BB_contact_survival,three_corresponding_nac_bb,Any 3 corresponding C-ter BB,chain_pair,all,largest_cluster,78000.0,0.00011474469305794607,0.00016227350113288527,1072.6533503499377,3615.3415072765993,2186.633284213851,0.8,8.0,100.0,96,140,3
G2_Wcluster_alhx700,$\mathrm{Hel}_{50}$,Cter_three_corresponding_BB_contact_survival,three_corresponding_nac_bb,Any 3 corresponding C-ter BB,chain_pair,all,largest_cluster,79000.0,0.00011474469305794607,0.00016227350113288527,1072.6533503499377,3615.3415072765993,2186.633284213851,0.8,8.0,100.0,96,140,3
G2_Wcluster_alhx700,$\mathrm{Hel}_{50}$,Cter_three_corresponding_BB_contact_survival,three_corresponding_nac_bb,Any 3 corresponding C-ter BB,chain_pair,all,largest_cluster,80000.0,0.00011474469305794607,0.00016227350113288527,1072.6533503499377,3615.3415072765993,2186.633284213851,0.8,8.0,100.0,96,140,3
G2_Wcluster_alhx700,$\mathrm{Hel}_{50}$,Cter_three_corresponding_BB_contact_survival,three_corresponding_nac_bb,Any 3 corresponding C-ter BB,chain_pair,all,largest_cluster,81000.0,0.00011474469305794607,0.00016227350113288527,1072.6533503499377,3615.3415072765993,2186.633284213851,0.8,8.0,100.0,96,140,3
G2_Wcluster_alhx700,$\mathrm{Hel}_{50}$,Cter_three_corresponding_BB_contact_survival,three_corresponding_nac_bb,Any 3 corresponding C-ter BB,chain_pair,all,largest_cluster,82000.0,0.00011474469305794607,0.00016227350113288527,1072.6533503499377,3615.3415072765993,2186.633284213851,0.8,8.0,100.0,96,140,3
G2_Wcluster_alhx700,$\mathrm{Hel}_{50}$,Cter_three_corresponding_BB_contact_survival,three_corresponding_nac_bb,Any 3 corresponding C-ter BB,chain_pair,all,largest_cluster,83000.0,0.00011474469305794607,0.00016227350113288527,1072.6533503499377,3615.3415072765993,2186.633284213851,0.8,8.0,100.0,96,140,3
G2_Wcluster_alhx700,$\mathrm{Hel}_{50}$,Cter_three_corresponding_BB_contact_survival,three_corresponding_nac_bb,Any 3 corresponding C-ter BB,chain_pair,all,largest_cluster,84000.0,0.00011474469305794607,0.00016227350113288527,1072.6533503499377,3615.3415072765993,2186.633284213851,0.8,8.0,100.0,96,140,3
G2_Wcluster_alhx700,$\mathrm{Hel}_{50}$,Cter_three_corresponding_BB_contact_survival,three_corresponding_nac_bb,Any 3 corresponding C-ter BB,chain_pair,all,largest_cluster,85000.0,0.00011474469305794607,0.00016227350113288527,1072.6533503499377,3615.3415072765993,2186.633284213851,0.8,8.0,100.0,96,140,3
G2_Wcluster_alhx700,$\mathrm{Hel}_{50}$,Cter_three_corresponding_BB_contact_survival,three_corresponding_nac_bb,Any 3 corresponding C-ter BB,chain_pair,all,largest_cluster,86000.0,0.00011474469305794607,0.00016227350113288527,1072.6533503499377,3615.3415072765993,2186.633284213851,0.8,8.0,100.0,96,140,3
G2_Wcluster_alhx700,$\mathrm{Hel}_{50}$,Cter_three_corresponding_BB_contact_survival,three_corresponding_nac_bb,Any 3 corresponding C-ter BB,chain_pair,all,largest_cluster,87000.0,0.00011474469305794607,0.00016227350113288527,1072.6533503499377,3615.3415072765993,2186.633284213851,0.8,8.0,100.0,96,140,3
G2_Wcluster_alhx700,$\mathrm{Hel}_{50}$,Cter_three_corresponding_BB_contact_survival,three_corresponding_nac_bb,Any 3 corresponding C-ter BB,chain_pair,all,largest_cluster,88000.0,0.00011474469305794607,0.00016227350113288527,1072.6533503499377,3615.3415072765993,2186.633284213851,0.8,8.0,100.0,96,140,3
G2_Wcluster_alhx700,$\mathrm{Hel}_{50}$,Cter_three_corresponding_BB_contact_survival,three_corresponding_nac_bb,Any 3 corresponding C-ter BB,chain_pair,all,largest_cluster,89000.0,0.00011474469305794607,0.00016227350113288527,1072.6533503499377,3615.3415072765993,2186.633284213851,0.8,8.0,100.0,96,140,3
G2_Wcluster_alhx700,$\mathrm{Hel}_{50}$,Cter_three_corresponding_BB_contact_survival,three_corresponding_nac_bb,Any 3 corresponding C-ter BB,chain_pair,all,largest_cluster,90000.0,0.00011474469305794607,0.00016227350113288527,1072.6533503499377,3615.3415072765993,2186.633284213851,0.8,8.0,100.0,96,140,3
G2_Wcluster_alhx700,$\mathrm{Hel}_{50}$,Cter_three_corresponding_BB_contact_survival,three_corresponding_nac_bb,Any 3 corresponding C-ter BB,chain_pair,all,largest_cluster,91000.0,0.00011474469305794607,0.00016227350113288527,1072.6533503499377,3615.3415072765993,2186.633284213851,0.8,8.0,100.0,96,140,3
G2_Wcluster_alhx700,$\mathrm{Hel}_{50}$,Cter_three_corresponding_BB_contact_survival,three_corresponding_nac_bb,Any 3 corresponding C-ter BB,chain_pair,all,largest_cluster,92000.0,0.00011474469305794607,0.00016227350113288527,1072.6533503499377,3615.3415072765993,2186.633284213851,0.8,8.0,100.0,96,140,3
G2_Wcluster_alhx700,$\mathrm{Hel}_{50}$,Cter_three_corresponding_BB_contact_survival,three_corresponding_nac_bb,Any 3 corresponding C-ter BB,chain_pair,all,largest_cluster,93000.0,0.00011474469305794607,0.00016227350113288527,1072.6533503499377,3615.3415072765993,2186.633284213851,0.8,8.0,100.0,96,140,3
G2_Wcluster_alhx700,$\mathrm{Hel}_{50}$,Cter_three_corresponding_BB_contact_survival,three_corresponding_nac_bb,Any 3 corresponding C-ter BB,chain_pair,all,largest_cluster,94000.0,0.00011474469305794607,0.00016227350113288527,1072.6533503499377,3615.3415072765993,2186.633284213851,0.8,8.0,100.0,96,140,3
G2_Wcluster_alhx700,$\mathrm{Hel}_{50}$,Cter_three_corresponding_BB_contact_survival,three_corresponding_nac_bb,Any 3 corresponding C-ter BB,chain_pair,all,largest_cluster,95000.0,0.00011474469305794607,0.00016227350113288527,1072.6533503499377,3615.3415072765993,2186.633284213851,0.8,8.0,100.0,96,140,3
G2_Wcluster_alhx700,$\mathrm{Hel}_{50}$,Cter_three_corresponding_BB_contact_survival,three_corresponding_nac_bb,Any 3 corresponding C-ter BB,chain_pair,all,largest_cluster,96000.0,0.00011474469305794607,0.00016227350113288527,1072.6533503499377,3615.3415072765993,2186.633284213851,0.8,8.0,100.0,96,140,3
G2_Wcluster_alhx700,$\mathrm{Hel}_{50}$,Cter_three_corresponding_BB_contact_survival,three_corresponding_nac_bb,Any 3 corresponding C-ter BB,chain_pair,all,largest_cluster,97000.0,0.00011474469305794607,0.00016227350113288527,1072.6533503499377,3615.3415072765993,2186.633284213851,0.8,8.0,100.0,96,140,3
G2_Wcluster_alhx700,$\mathrm{Hel}_{50}$,Cter_three_corresponding_BB_contact_survival,three_corresponding_nac_bb,Any 3 corresponding C-ter BB,chain_pair,all,largest_cluster,98000.0,0.00011474469305794607,0.00016227350113288527,1072.6533503499377,3615.3415072765993,2186.633284213851,0.8,8.0,100.0,96,140,3
G2_Wcluster_alhx700,$\mathrm{Hel}_{50}$,Cter_three_corresponding_BB_contact_survival,three_corresponding_nac_bb,Any 3 corresponding C-ter BB,chain_pair,all,largest_cluster,99000.0,0.00011474469305794607,0.00016227350113288527,1072.6533503499377,3615.3415072765993,2186.633284213851,0.8,8.0,100.0,96,140,3
G2_Wcluster_alhx700,$\mathrm{Hel}_{50}$,Cter_three_corresponding_BB_contact_survival,three_corresponding_nac_bb,Any 3 corresponding C-ter BB,chain_pair,all,largest_cluster,100000.0,0.00011474469305794607,0.00016227350113288527,1072.6533503499377,3615.3415072765993,2186.633284213851,0.8,8.0,100.0,96,140,3
G2_Wcluster_alhx700,$\mathrm{Hel}_{50}$,Cter_three_corresponding_BB_contact_survival,three_corresponding_nac_bb,Any 3 corresponding C-ter BB,chain_pair,all,largest_cluster,101000.0,0.00011474469305794607,0.00016227350113288527,1072.6533503499377,3615.3415072765993,2186.633284213851,0.8,8.0,100.0,96,140,3
G2_Wcluster_alhx700,$\mathrm{Hel}_{50}$,Cter_three_corresponding_BB_contact_survival,three_corresponding_nac_bb,Any 3 corresponding C-ter BB,chain_pair,all,largest_cluster,102000.0,0.00011474469305794607,0.00016227350113288527,1072.6533503499377,3615.3415072765993,2186.633284213851,0.8,8.0,100.0,96,140,3
G2_Wcluster_alhx700,$\mathrm{Hel}_{50}$,Cter_three_corresponding_BB_contact_survival,three_corresponding_nac_bb,Any 3 corresponding C-ter BB,chain_pair,all,largest_cluster,103000.0,0.00011474469305794607,0.00016227350113288527,1072.6533503499377,3615.3415072765993,2186.633284213851,0.8,8.0,100.0,96,140,3
G2_Wcluster_alhx700,$\mathrm{Hel}_{50}$,Cter_three_corresponding_BB_contact_survival,three_corresponding_nac_bb,Any 3 corresponding C-ter BB,chain_pair,all,largest_cluster,104000.0,0.00011474469305794607,0.00016227350113288527,1072.6533503499377,3615.3415072765993,2186.633284213851,0.8,8.0,100.0,96,140,3
G2_Wcluster_alhx700,$\mathrm{Hel}_{50}$,Cter_three_corresponding_BB_contact_survival,three_corresponding_nac_bb,Any 3 corresponding C-ter BB,chain_pair,all,largest_cluster,105000.0,0.00011474469305794607,0.00016227350113288527,1072.6533503499377,3615.3415072765993,2186.633284213851,0.8,8.0,100.0,96,140,3
G2_Wcluster_alhx700,$\mathrm{Hel}_{50}$,Cter_three_corresponding_BB_contact_survival,three_corresponding_nac_bb,Any 3 corresponding C-ter BB,chain_pair,all,largest_cluster,106000.0,0.00011474469305794607,0.00016227350113288527,1072.6533503499377,3615.3415072765993,2186.633284213851,0.8,8.0,100.0,96,140,3
G2_Wcluster_alhx700,$\mathrm{Hel}_{50}$,Cter_three_corresponding_BB_contact_survival,three_corresponding_nac_bb,Any 3 corresponding C-ter BB,chain_pair,all,largest_cluster,107000.0,0.00011474469305794607,0.00016227350113288527,1072.6533503499377,3615.3415072765993,2186.633284213851,0.8,8.0,100.0,96,140,3
G2_Wcluster_alhx700,$\mathrm{Hel}_{50}$,Cter_three_corresponding_BB_contact_survival,three_corresponding_nac_bb,Any 3 corresponding C-ter BB,chain_pair,all,largest_cluster,108000.0,0.00011474469305794607,0.00016227350113288527,1072.6533503499377,3615.3415072765993,2186.633284213851,0.8,8.0,100.0,96,140,3
G2_Wcluster_alhx700,$\mathrm{Hel}_{50}$,Cter_three_corresponding_BB_contact_survival,three_corresponding_nac_bb,Any 3 corresponding C-ter BB,chain_pair,all,largest_cluster,109000.0,0.00011474469305794607,0.00016227350113288527,1072.6533503499377,3615.3415072765993,2186.633284213851,0.8,8.0,100.0,96,140,3
G2_Wcluster_alhx700,$\mathrm{Hel}_{50}$,Cter_three_corresponding_BB_contact_survival,three_corresponding_nac_bb,Any 3 corresponding C-ter BB,chain_pair,all,largest_cluster,110000.0,0.00011474469305794607,0.00016227350113288527,1072.6533503499377,3615.3415072765993,2186.633284213851,0.8,8.0,100.0,96,140,3
G2_Wcluster_alhx700,$\mathrm{Hel}_{50}$,Cter_three_corresponding_BB_contact_survival,three_corresponding_nac_bb,Any 3 corresponding C-ter BB,chain_pair,all,largest_cluster,111000.0,0.00011474469305794607,0.00016227350113288527,1072.6533503499377,3615.3415072765993,2186.633284213851,0.8,8.0,100.0,96,140,3
G2_Wcluster_alhx700,$\mathrm{Hel}_{50}$,Cter_three_corresponding_BB_contact_survival,three_corresponding_nac_bb,Any 3 corresponding C-ter BB,chain_pair,all,largest_cluster,112000.0,0.00011474469305794607,0.00016227350113288527,1072.6533503499377,3615.3415072765993,2186.633284213851,0.8,8.0,100.0,96,140,3
G2_Wcluster_alhx700,$\mathrm{Hel}_{50}$,Cter_three_corresponding_BB_contact_survival,three_corresponding_nac_bb,Any 3 corresponding C-ter BB,chain_pair,all,largest_cluster,113000.0,0.00011474469305794607,0.00016227350113288527,1072.6533503499377,3615.3415072765993,2186.633284213851,0.8,8.0,100.0,96,140,3
G2_Wcluster_alhx700,$\mathrm{Hel}_{50}$,Cter_three_corresponding_BB_contact_survival,three_corresponding_nac_bb,Any 3 corresponding C-ter BB,chain_pair,all,largest_cluster,114000.0,0.00011474469305794607,0.00016227350113288527,1072.6533503499377,3615.3415072765993,2186.633284213851,0.8,8.0,100.0,96,140,3
G2_Wcluster_alhx700,$\mathrm{Hel}_{50}$,Cter_three_corresponding_BB_contact_survival,three_corresponding_nac_bb,Any 3 corresponding C-ter BB,chain_pair,all,largest_cluster,115000.0,0.00011474469305794607,0.00016227350113288527,1072.6533503499377,3615.3415072765993,2186.633284213851,0.8,8.0,100.0,96,140,3
G2_Wcluster_alhx700,$\mathrm{Hel}_{50}$,Cter_three_corresponding_BB_contact_survival,three_corresponding_nac_bb,Any 3 corresponding C-ter BB,chain_pair,all,largest_cluster,116000.0,0.00011474469305794607,0.00016227350113288527,1072.6533503499377,3615.3415072765993,2186.633284213851,0.8,8.0,100.0,96,140,3
G3_Onmem_plus,$\mathrm{IDP}_{50}$-Mem,Cter_three_corresponding_BB_contact_survival,three_corresponding_nac_bb,Any 3 corresponding C-ter BB,chain_pair,last_40,largest_cluster,0.0,1.0,0.0,958.1884999023102,3073.7477581497255,1872.1228436190092,0.8,8.0,100.0,96,140,3
G3_Onmem_plus,$\mathrm{IDP}_{50}$-Mem,Cter_three_corresponding_BB_contact_survival,three_corresponding_nac_bb,Any 3 corresponding C-ter BB,chain_pair,last_40,largest_cluster,1000.0,0.34029623722993535,0.003601839868775283,958.1884999023102,3073.7477581497255,1872.1228436190092,0.8,8.0,100.0,96,140,3
G3_Onmem_plus,$\mathrm{IDP}_{50}$-Mem,Cter_three_corresponding_BB_contact_survival,three_corresponding_nac_bb,Any 3 corresponding C-ter BB,chain_pair,last_40,largest_cluster,2000.0,0.17258604612723763,0.006908197681737227,958.1884999023102,3073.7477581497255,1872.1228436190092,0.8,8.0,100.0,96,140,3
G3_Onmem_plus,$\mathrm{IDP}_{50}$-Mem,Cter_three_corresponding_BB_contact_survival,three_corresponding_nac_bb,Any 3 corresponding C-ter BB,chain_pair,last_40,largest_cluster,3000.0,0.10273133619677625,0.01155035166910579,958.1884999023102,3073.7477581497255,1872.1228436190092,0.8,8.0,100.0,96,140,3
G3_Onmem_plus,$\mathrm{IDP}_{50}$-Mem,Cter_three_corresponding_BB_contact_survival,three_corresponding_nac_bb,Any 3 corresponding C-ter BB,chain_pair,last_40,largest_cluster,4000.0,0.06569514329676993,0.007789044846876352,958.1884999023102,3073.7477581497255,1872.1228436190092,0.8,8.0,100.0,96,140,3
G3_Onmem_plus,$\mathrm{IDP}_{50}$-Mem,Cter_three_corresponding_BB_contact_survival,three_corresponding_nac_bb,Any 3 corresponding C-ter BB,chain_pair,last_40,largest_cluster,5000.0,0.04860111499329669,0.009254629436947881,958.1884999023102,3073.7477581497255,1872.1228436190092,0.8,8.0,100.0,96,140,3
G3_Onmem_plus,$\mathrm{IDP}_{50}$-Mem,Cter_three_corresponding_BB_contact_survival,three_corresponding_nac_bb,Any 3 corresponding C-ter BB,chain_pair,last_40,largest_cluster,6000.0,0.03369219125432558,0.0097272246622087,958.1884999023102,3073.7477581497255,1872.1228436190092,0.8,8.0,100.0,96,140,3
G3_Onmem_plus,$\mathrm{IDP}_{50}$-Mem,Cter_three_corresponding_BB_contact_survival,three_corresponding_nac_bb,Any 3 corresponding C-ter BB,chain_pair,last_40,largest_cluster,7000.0,0.025019410611064778,0.007954211712918227,958.1884999023102,3073.7477581497255,1872.1228436190092,0.8,8.0,100.0,96,140,3
G3_Onmem_plus,$\mathrm{IDP}_{50}$-Mem,Cter_three_corresponding_BB_contact_survival,three_corresponding_nac_bb,Any 3 corresponding C-ter BB,chain_pair,last_40,largest_cluster,8000.0,0.017807399067831957,0.005398474107245214,958.1884999023102,3073.7477581497255,1872.1228436190092,0.8,8.0,100.0,96,140,3
G3_Onmem_plus,$\mathrm{IDP}_{50}$-Mem,Cter_three_corresponding_BB_contact_survival,three_corresponding_nac_bb,Any 3 corresponding C-ter BB,chain_pair,last_40,largest_cluster,9000.0,0.012939696924436464,0.004877479366151725,958.1884999023102,3073.7477581497255,1872.1228436190092,0.8,8.0,100.0,96,140,3
G3_Onmem_plus,$\mathrm{IDP}_{50}$-Mem,Cter_three_corresponding_BB_contact_survival,three_corresponding_nac_bb,Any 3 corresponding C-ter BB,chain_pair,last_40,largest_cluster,10000.0,0.009721330619642915,0.004077659702768107,958.1884999023102,3073.7477581497255,1872.1228436190092,0.8,8.0,100.0,96,140,3
G3_Onmem_plus,$\mathrm{IDP}_{50}$-Mem,Cter_three_corresponding_BB_contact_survival,three_corresponding_nac_bb,Any 3 corresponding C-ter BB,chain_pair,last_40,largest_cluster,11000.0,0.007702525696433008,0.0034130663141568774,958.1884999023102,3073.7477581497255,1872.1228436190092,0.8,8.0,100.0,96,140,3
G3_Onmem_plus,$\mathrm{IDP}_{50}$-Mem,Cter_three_corresponding_BB_contact_survival,three_corresponding_nac_bb,Any 3 corresponding C-ter BB,chain_pair,last_40,largest_cluster,12000.0,0.005967195588949169,0.0035546085943300395,958.1884999023102,3073.7477581497255,1872.1228436190092,0.8,8.0,100.0,96,140,3
G3_Onmem_plus,$\mathrm{IDP}_{50}$-Mem,Cter_three_corresponding_BB_contact_survival,three_corresponding_nac_bb,Any 3 corresponding C-ter BB,chain_pair,last_40,largest_cluster,13000.0,0.004690553746753847,0.0030215809294824383,958.1884999023102,3073.7477581497255,1872.1228436190092,0.8,8.0,100.0,96,140,3
G3_Onmem_plus,$\mathrm{IDP}_{50}$-Mem,Cter_three_corresponding_BB_contact_survival,three_corresponding_nac_bb,Any 3 corresponding C-ter BB,chain_pair,last_40,largest_cluster,14000.0,0.004319149715066688,0.0031391093922855944,958.1884999023102,3073.7477581497255,1872.1228436190092,0.8,8.0,100.0,96,140,3
G3_Onmem_plus,$\mathrm{IDP}_{50}$-Mem,Cter_three_corresponding_BB_contact_survival,three_corresponding_nac_bb,Any 3 corresponding C-ter BB,chain_pair,last_40,largest_cluster,15000.0,0.0037413513282651407,0.0028397753726250746,958.1884999023102,3073.7477581497255,1872.1228436190092,0.8,8.0,100.0,96,140,3
G3_Onmem_plus,$\mathrm{IDP}_{50}$-Mem,Cter_three_corresponding_BB_contact_survival,three_corresponding_nac_bb,Any 3 corresponding C-ter BB,chain_pair,last_40,largest_cluster,16000.0,0.003086472480851912,0.0021945678543203078,958.1884999023102,3073.7477581497255,1872.1228436190092,0.8,8.0,100.0,96,140,3
G3_Onmem_plus,$\mathrm{IDP}_{50}$-Mem,Cter_three_corresponding_BB_contact_survival,three_corresponding_nac_bb,Any 3 corresponding C-ter BB,chain_pair,last_40,largest_cluster,17000.0,0.0021812346703437503,0.001548328464109306,958.1884999023102,3073.7477581497255,1872.1228436190092,0.8,8.0,100.0,96,140,3
G3_Onmem_plus,$\mathrm{IDP}_{50}$-Mem,Cter_three_corresponding_BB_contact_survival,three_corresponding_nac_bb,Any 3 corresponding C-ter BB,chain_pair,last_40,largest_cluster,18000.0,0.0019741953328696305,0.001449239714985051,958.1884999023102,3073.7477581497255,1872.1228436190092,0.8,8.0,100.0,96,140,3
G3_Onmem_plus,$\mathrm{IDP}_{50}$-Mem,Cter_three_corresponding_BB_contact_survival,three_corresponding_nac_bb,Any 3 corresponding C-ter BB,chain_pair,last_40,largest_cluster,19000.0,0.0016034362835422031,0.001217046588267889,958.1884999023102,3073.7477581497255,1872.1228436190092,0.8,8.0,100.0,96,140,3
G3_Onmem_plus,$\mathrm{IDP}_{50}$-Mem,Cter_three_corresponding_BB_contact_survival,three_corresponding_nac_bb,Any 3 corresponding C-ter BB,chain_pair,last_40,largest_cluster,20000.0,0.0013963969460680829,0.0012080176213450007,958.1884999023102,3073.7477581497255,1872.1228436190092,0.8,8.0,100.0,96,140,3
G3_Onmem_plus,$\mathrm{IDP}_{50}$-Mem,Cter_three_corresponding_BB_contact_survival,three_corresponding_nac_bb,Any 3 corresponding C-ter BB,chain_pair,last_40,largest_cluster,21000.0,0.0010689575223614687,0.0008113643921785926,958.1884999023102,3073.7477581497255,1872.1228436190092,0.8,8.0,100.0,96,140,3
G3_Onmem_plus,$\mathrm{IDP}_{50}$-Mem,Cter_three_corresponding_BB_contact_survival,three_corresponding_nac_bb,Any 3 corresponding C-ter BB,chain_pair,last_40,largest_cluster,22000.0,0.0010689575223614687,0.0008113643921785926,958.1884999023102,3073.7477581497255,1872.1228436190092,0.8,8.0,100.0,96,140,3
G3_Onmem_plus,$\mathrm{IDP}_{50}$-Mem,Cter_three_corresponding_BB_contact_survival,three_corresponding_nac_bb,Any 3 corresponding C-ter BB,chain_pair,last_40,largest_cluster,23000.0,0.0008619181848873486,0.0008199340331474855,958.1884999023102,3073.7477581497255,1872.1228436190092,0.8,8.0,100.0,96,140,3
G3_Onmem_plus,$\mathrm{IDP}_{50}$-Mem,Cter_three_corresponding_BB_contact_survival,three_corresponding_nac_bb,Any 3 corresponding C-ter BB,chain_pair,last_40,largest_cluster,24000.0,0.0008619181848873486,0.0008199340331474855,958.1884999023102,3073.7477581497255,1872.1228436190092,0.8,8.0,100.0,96,140,3
G3_Onmem_plus,$\mathrm{IDP}_{50}$-Mem,Cter_three_corresponding_BB_contact_survival,three_corresponding_nac_bb,Any 3 corresponding C-ter BB,chain_pair,last_40,largest_cluster,25000.0,0.0005344787611807343,0.0004056821960892963,958.1884999023102,3073.7477581497255,1872.1228436190092,0.8,8.0,100.0,96,140,3
G3_Onmem_plus,$\mathrm{IDP}_{50}$-Mem,Cter_three_corresponding_BB_contact_survival,three_corresponding_nac_bb,Any 3 corresponding C-ter BB,chain_pair,last_40,largest_cluster,26000.0,0.0003707590493274272,0.0002674808802045109,958.1884999023102,3073.7477581497255,1872.1228436190092,0.8,8.0,100.0,96,140,3
G3_Onmem_plus,$\mathrm{IDP}_{50}$-Mem,Cter_three_corresponding_BB_contact_survival,three_corresponding_nac_bb,Any 3 corresponding C-ter BB,chain_pair,last_40,largest_cluster,27000.0,0.0003707590493274272,0.0002674808802045109,958.1884999023102,3073.7477581497255,1872.1228436190092,0.8,8.0,100.0,96,140,3
G3_Onmem_plus,$\mathrm{IDP}_{50}$-Mem,Cter_three_corresponding_BB_contact_survival,three_corresponding_nac_bb,Any 3 corresponding C-ter BB,chain_pair,last_40,largest_cluster,28000.0,0.0003707590493274272,0.0002674808802045109,958.1884999023102,3073.7477581497255,1872.1228436190092,0.8,8.0,100.0,96,140,3
G3_Onmem_plus,$\mathrm{IDP}_{50}$-Mem,Cter_three_corresponding_BB_contact_survival,three_corresponding_nac_bb,Any 3 corresponding C-ter BB,chain_pair,last_40,largest_cluster,29000.0,0.0003707590493274272,0.0002674808802045109,958.1884999023102,3073.7477581497255,1872.1228436190092,0.8,8.0,100.0,96,140,3
G3_Onmem_plus,$\mathrm{IDP}_{50}$-Mem,Cter_three_corresponding_BB_contact_survival,three_corresponding_nac_bb,Any 3 corresponding C-ter BB,chain_pair,last_40,largest_cluster,30000.0,0.00016371971185330712,0.0002315346369307621,958.1884999023102,3073.7477581497255,1872.1228436190092,0.8,8.0,100.0,96,140,3
G3_Onmem_plus,$\mathrm{IDP}_{50}$-Mem,Cter_three_corresponding_BB_contact_survival,three_corresponding_nac_bb,Any 3 corresponding C-ter BB,chain_pair,last_40,largest_cluster,31000.0,0.00016371971185330712,0.0002315346369307621,958.1884999023102,3073.7477581497255,1872.1228436190092,0.8,8.0,100.0,96,140,3
G3_Onmem_plus,$\mathrm{IDP}_{50}$-Mem,Cter_three_corresponding_BB_contact_survival,three_corresponding_nac_bb,Any 3 corresponding C-ter BB,chain_pair,last_40,largest_cluster,32000.0,0.00016371971185330712,0.0002315346369307621,958.1884999023102,3073.7477581497255,1872.1228436190092,0.8,8.0,100.0,96,140,3
G4_Onmem_wall,$\mathrm{Hel}_{10}\mathrm{IDP}_{40}$-Mem,Cter_three_corresponding_BB_contact_survival,three_corresponding_nac_bb,Any 3 corresponding C-ter BB,chain_pair,all,largest_cluster,0.0,1.0,0.0,961.5654255119381,2992.2617182084514,1842.9746919746922,0.8,8.0,100.0,96,140,3
G4_Onmem_wall,$\mathrm{Hel}_{10}\mathrm{IDP}_{40}$-Mem,Cter_three_corresponding_BB_contact_survival,three_corresponding_nac_bb,Any 3 corresponding C-ter BB,chain_pair,all,largest_cluster,1000.0,0.3426130536130536,0.011451577002836878,961.5654255119381,2992.2617182084514,1842.9746919746922,0.8,8.0,100.0,96,140,3
G4_Onmem_wall,$\mathrm{Hel}_{10}\mathrm{IDP}_{40}$-Mem,Cter_three_corresponding_BB_contact_survival,three_corresponding_nac_bb,Any 3 corresponding C-ter BB,chain_pair,all,largest_cluster,2000.0,0.17123230532907951,0.00793646804671904,961.5654255119381,2992.2617182084514,1842.9746919746922,0.8,8.0,100.0,96,140,3
G4_Onmem_wall,$\mathrm{Hel}_{10}\mathrm{IDP}_{40}$-Mem,Cter_three_corresponding_BB_contact_survival,three_corresponding_nac_bb,Any 3 corresponding C-ter BB,chain_pair,all,largest_cluster,3000.0,0.09944448562190498,0.005215904307661647,961.5654255119381,2992.2617182084514,1842.9746919746922,0.8,8.0,100.0,96,140,3
G4_Onmem_wall,$\mathrm{Hel}_{10}\mathrm{IDP}_{40}$-Mem,Cter_three_corresponding_BB_contact_survival,three_corresponding_nac_bb,Any 3 corresponding C-ter BB,chain_pair,all,largest_cluster,4000.0,0.061113547742579995,0.004063597669746424,961.5654255119381,2992.2617182084514,1842.9746919746922,0.8,8.0,100.0,96,140,3
G4_Onmem_wall,$\mathrm{Hel}_{10}\mathrm{IDP}_{40}$-Mem,Cter_three_corresponding_BB_contact_survival,three_corresponding_nac_bb,Any 3 corresponding C-ter BB,chain_pair,all,largest_cluster,5000.0,0.04238623741849548,0.0013535961998945604,961.5654255119381,2992.2617182084514,1842.9746919746922,0.8,8.0,100.0,96,140,3
G4_Onmem_wall,$\mathrm{Hel}_{10}\mathrm{IDP}_{40}$-Mem,Cter_three_corresponding_BB_contact_survival,three_corresponding_nac_bb,Any 3 corresponding C-ter BB,chain_pair,all,largest_cluster,6000.0,0.02955449389320357,0.0009948326367416858,961.5654255119381,2992.2617182084514,1842.9746919746922,0.8,8.0,100.0,96,140,3
G4_Onmem_wall,$\mathrm{Hel}_{10}\mathrm{IDP}_{40}$-Mem,Cter_three_corresponding_BB_contact_survival,three_corresponding_nac_bb,Any 3 corresponding C-ter BB,chain_pair,all,largest_cluster,7000.0,0.021741849548301162,0.0008266540351055424,961.5654255119381,2992.2617182084514,1842.9746919746922,0.8,8.0,100.0,96,140,3
G4_Onmem_wall,$\mathrm{Hel}_{10}\mathrm{IDP}_{40}$-Mem,Cter_three_corresponding_BB_contact_survival,three_corresponding_nac_bb,Any 3 corresponding C-ter BB,chain_pair,all,largest_cluster,8000.0,0.016804195804195805,0.0013335330021490871,961.5654255119381,2992.2617182084514,1842.9746919746922,0.8,8.0,100.0,96,140,3
G4_Onmem_wall,$\mathrm{Hel}_{10}\mathrm{IDP}_{40}$-Mem,Cter_three_corresponding_BB_contact_survival,three_corresponding_nac_bb,Any 3 corresponding C-ter BB,chain_pair,all,largest_cluster,9000.0,0.012117457811006198,0.0010125732764529377,961.5654255119381,2992.2617182084514,1842.9746919746922,0.8,8.0,100.0,96,140,3
G4_Onmem_wall,$\mathrm{Hel}_{10}\mathrm{IDP}_{40}$-Mem,Cter_three_corresponding_BB_contact_survival,three_corresponding_nac_bb,Any 3 corresponding C-ter BB,chain_pair,all,largest_cluster,10000.0,0.009595517385839967,0.0012838445845064223,961.5654255119381,2992.2617182084514,1842.9746919746922,0.8,8.0,100.0,96,140,3
G4_Onmem_wall,$\mathrm{Hel}_{10}\mathrm{IDP}_{40}$-Mem,Cter_three_corresponding_BB_contact_survival,three_corresponding_nac_bb,Any 3 corresponding C-ter BB,chain_pair,all,largest_cluster,11000.0,0.006801617737101608,0.0013317161486264828,961.5654255119381,2992.2617182084514,1842.9746919746922,0.8,8.0,100.0,96,140,3
G4_Onmem_wall,$\mathrm{Hel}_{10}\mathrm{IDP}_{40}$-Mem,Cter_three_corresponding_BB_contact_survival,three_corresponding_nac_bb,Any 3 corresponding C-ter BB,chain_pair,all,largest_cluster,12000.0,0.004875812359683328,0.001733484292272893,961.5654255119381,2992.2617182084514,1842.9746919746922,0.8,8.0,100.0,96,140,3
G4_Onmem_wall,$\mathrm{Hel}_{10}\mathrm{IDP}_{40}$-Mem,Cter_three_corresponding_BB_contact_survival,three_corresponding_nac_bb,Any 3 corresponding C-ter BB,chain_pair,all,largest_cluster,13000.0,0.0038895674218254865,0.0011503881005296263,961.5654255119381,2992.2617182084514,1842.9746919746922,0.8,8.0,100.0,96,140,3
G4_Onmem_wall,$\mathrm{Hel}_{10}\mathrm{IDP}_{40}$-Mem,Cter_three_corresponding_BB_contact_survival,three_corresponding_nac_bb,Any 3 corresponding C-ter BB,chain_pair,all,largest_cluster,14000.0,0.0030979289527676627,0.0009007886420391921,961.5654255119381,2992.2617182084514,1842.9746919746922,0.8,8.0,100.0,96,140,3
G4_Onmem_wall,$\mathrm{Hel}_{10}\mathrm{IDP}_{40}$-Mem,Cter_three_corresponding_BB_contact_survival,three_corresponding_nac_bb,Any 3 corresponding C-ter BB,chain_pair,all,largest_cluster,15000.0,0.0025452826743149327,0.0004953163620884274,961.5654255119381,2992.2617182084514,1842.9746919746922,0.8,8.0,100.0,96,140,3
G4_Onmem_wall,$\mathrm{Hel}_{10}\mathrm{IDP}_{40}$-Mem,Cter_three_corresponding_BB_contact_survival,three_corresponding_nac_bb,Any 3 corresponding C-ter BB,chain_pair,all,largest_cluster,16000.0,0.001777883406915665,0.0009459955517280499,961.5654255119381,2992.2617182084514,1842.9746919746922,0.8,8.0,100.0,96,140,3
G4_Onmem_wall,$\mathrm{Hel}_{10}\mathrm{IDP}_{40}$-Mem,Cter_three_corresponding_BB_contact_survival,three_corresponding_nac_bb,Any 3 corresponding C-ter BB,chain_pair,all,largest_cluster,17000.0,0.001463332366558173,0.0007069649546828355,961.5654255119381,2992.2617182084514,1842.9746919746922,0.8,8.0,100.0,96,140,3
G4_Onmem_wall,$\mathrm{Hel}_{10}\mathrm{IDP}_{40}$-Mem,Cter_three_corresponding_BB_contact_survival,three_corresponding_nac_bb,Any 3 corresponding C-ter BB,chain_pair,all,largest_cluster,18000.0,0.0011391565423823488,0.00095896383919183,961.5654255119381,2992.2617182084514,1842.9746919746922,0.8,8.0,100.0,96,140,3
G4_Onmem_wall,$\mathrm{Hel}_{10}\mathrm{IDP}_{40}$-Mem,Cter_three_corresponding_BB_contact_survival,three_corresponding_nac_bb,Any 3 corresponding C-ter BB,chain_pair,all,largest_cluster,19000.0,0.0008246055020248569,0.0007225487266099024,961.5654255119381,2992.2617182084514,1842.9746919746922,0.8,8.0,100.0,96,140,3
G4_Onmem_wall,$\mathrm{Hel}_{10}\mathrm{IDP}_{40}$-Mem,Cter_three_corresponding_BB_contact_survival,three_corresponding_nac_bb,Any 3 corresponding C-ter BB,chain_pair,all,largest_cluster,20000.0,0.0007055578829772378,0.0007593997298233472,961.5654255119381,2992.2617182084514,1842.9746919746922,0.8,8.0,100.0,96,140,3
G4_Onmem_wall,$\mathrm{Hel}_{10}\mathrm{IDP}_{40}$-Mem,Cter_three_corresponding_BB_contact_survival,three_corresponding_nac_bb,Any 3 corresponding C-ter BB,chain_pair,all,largest_cluster,21000.0,0.0007055578829772378,0.0007593997298233472,961.5654255119381,2992.2617182084514,1842.9746919746922,0.8,8.0,100.0,96,140,3
G4_Onmem_wall,$\mathrm{Hel}_{10}\mathrm{IDP}_{40}$-Mem,Cter_three_corresponding_BB_contact_survival,three_corresponding_nac_bb,Any 3 corresponding C-ter BB,chain_pair,all,largest_cluster,22000.0,0.0005100544616673648,0.000490938393143502,961.5654255119381,2992.2617182084514,1842.9746919746922,0.8,8.0,100.0,96,140,3
G4_Onmem_wall,$\mathrm{Hel}_{10}\mathrm{IDP}_{40}$-Mem,Cter_three_corresponding_BB_contact_survival,three_corresponding_nac_bb,Any 3 corresponding C-ter BB,chain_pair,all,largest_cluster,23000.0,0.0005100544616673648,0.000490938393143502,961.5654255119381,2992.2617182084514,1842.9746919746922,0.8,8.0,100.0,96,140,3
G4_Onmem_wall,$\mathrm{Hel}_{10}\mathrm{IDP}_{40}$-Mem,Cter_three_corresponding_BB_contact_survival,three_corresponding_nac_bb,Any 3 corresponding C-ter BB,chain_pair,all,largest_cluster,24000.0,0.00031455104035749197,0.00024132843397398817,961.5654255119381,2992.2617182084514,1842.9746919746922,0.8,8.0,100.0,96,140,3
G4_Onmem_wall,$\mathrm{Hel}_{10}\mathrm{IDP}_{40}$-Mem,Cter_three_corresponding_BB_contact_survival,three_corresponding_nac_bb,Any 3 corresponding C-ter BB,chain_pair,all,largest_cluster,25000.0,0.00031455104035749197,0.00024132843397398817,961.5654255119381,2992.2617182084514,1842.9746919746922,0.8,8.0,100.0,96,140,3
G4_Onmem_wall,$\mathrm{Hel}_{10}\mathrm{IDP}_{40}$-Mem,Cter_three_corresponding_BB_contact_survival,three_corresponding_nac_bb,Any 3 corresponding C-ter BB,chain_pair,all,largest_cluster,26000.0,0.00031455104035749197,0.00024132843397398817,961.5654255119381,2992.2617182084514,1842.9746919746922,0.8,8.0,100.0,96,140,3
G4_Onmem_wall,$\mathrm{Hel}_{10}\mathrm{IDP}_{40}$-Mem,Cter_three_corresponding_BB_contact_survival,three_corresponding_nac_bb,Any 3 corresponding C-ter BB,chain_pair,all,largest_cluster,27000.0,0.00031455104035749197,0.00024132843397398817,961.5654255119381,2992.2617182084514,1842.9746919746922,0.8,8.0,100.0,96,140,3
G4_Onmem_wall,$\mathrm{Hel}_{10}\mathrm{IDP}_{40}$-Mem,Cter_three_corresponding_BB_contact_survival,three_corresponding_nac_bb,Any 3 corresponding C-ter BB,chain_pair,all,largest_cluster,28000.0,0.00031455104035749197,0.00024132843397398817,961.5654255119381,2992.2617182084514,1842.9746919746922,0.8,8.0,100.0,96,140,3
G4_Onmem_wall,$\mathrm{Hel}_{10}\mathrm{IDP}_{40}$-Mem,Cter_three_corresponding_BB_contact_survival,three_corresponding_nac_bb,Any 3 corresponding C-ter BB,chain_pair,all,largest_cluster,29000.0,0.00011904761904761905,0.00016835875742536845,961.5654255119381,2992.2617182084514,1842.9746919746922,0.8,8.0,100.0,96,140,3
G4_Onmem_wall,$\mathrm{Hel}_{10}\mathrm{IDP}_{40}$-Mem,Cter_three_corresponding_BB_contact_survival,three_corresponding_nac_bb,Any 3 corresponding C-ter BB,chain_pair,all,largest_cluster,30000.0,0.00011904761904761905,0.00016835875742536845,961.5654255119381,2992.2617182084514,1842.9746919746922,0.8,8.0,100.0,96,140,3
G4_Onmem_wall,$\mathrm{Hel}_{10}\mathrm{IDP}_{40}$-Mem,Cter_three_corresponding_BB_contact_survival,three_corresponding_nac_bb,Any 3 corresponding C-ter BB,chain_pair,all,largest_cluster,31000.0,0.00011904761904761905,0.00016835875742536845,961.5654255119381,2992.2617182084514,1842.9746919746922,0.8,8.0,100.0,96,140,3
G4_Onmem_wall,$\mathrm{Hel}_{10}\mathrm{IDP}_{40}$-Mem,Cter_three_corresponding_BB_contact_survival,three_corresponding_nac_bb,Any 3 corresponding C-ter BB,chain_pair,all,largest_cluster,32000.0,0.00011904761904761905,0.00016835875742536845,961.5654255119381,2992.2617182084514,1842.9746919746922,0.8,8.0,100.0,96,140,3
G4_Onmem_wall,$\mathrm{Hel}_{10}\mathrm{IDP}_{40}$-Mem,Cter_three_corresponding_BB_contact_survival,three_corresponding_nac_bb,Any 3 corresponding C-ter BB,chain_pair,all,largest_cluster,33000.0,0.00011904761904761905,0.00016835875742536845,961.5654255119381,2992.2617182084514,1842.9746919746922,0.8,8.0,100.0,96,140,3
G4_Onmem_wall,$\mathrm{Hel}_{10}\mathrm{IDP}_{40}$-Mem,Cter_three_corresponding_BB_contact_survival,three_corresponding_nac_bb,Any 3 corresponding C-ter BB,chain_pair,all,largest_cluster,34000.0,0.00011904761904761905,0.00016835875742536845,961.5654255119381,2992.2617182084514,1842.9746919746922,0.8,8.0,100.0,96,140,3
G4_Onmem_wall,$\mathrm{Hel}_{10}\mathrm{IDP}_{40}$-Mem,Cter_three_corresponding_BB_contact_survival,three_corresponding_nac_bb,Any 3 corresponding C-ter BB,chain_pair,all,largest_cluster,35000.0,0.00011904761904761905,0.00016835875742536845,961.5654255119381,2992.2617182084514,1842.9746919746922,0.8,8.0,100.0,96,140,3
G4_Onmem_wall,$\mathrm{Hel}_{10}\mathrm{IDP}_{40}$-Mem,Cter_three_corresponding_BB_contact_survival,three_corresponding_nac_bb,Any 3 corresponding C-ter BB,chain_pair,all,largest_cluster,36000.0,0.00011904761904761905,0.00016835875742536845,961.5654255119381,2992.2617182084514,1842.9746919746922,0.8,8.0,100.0,96,140,3
G4_Onmem_wall,$\mathrm{Hel}_{10}\mathrm{IDP}_{40}$-Mem,Cter_three_corresponding_BB_contact_survival,three_corresponding_nac_bb,Any 3 corresponding C-ter BB,chain_pair,all,largest_cluster,37000.0,0.00011904761904761905,0.00016835875742536845,961.5654255119381,2992.2617182084514,1842.9746919746922,0.8,8.0,100.0,96,140,3
G4_Onmem_wall,$\mathrm{Hel}_{10}\mathrm{IDP}_{40}$-Mem,Cter_three_corresponding_BB_contact_survival,three_corresponding_nac_bb,Any 3 corresponding C-ter BB,chain_pair,all,largest_cluster,38000.0,0.00011904761904761905,0.00016835875742536845,961.5654255119381,2992.2617182084514,1842.9746919746922,0.8,8.0,100.0,96,140,3
G4_Onmem_wall,$\mathrm{Hel}_{10}\mathrm{IDP}_{40}$-Mem,Cter_three_corresponding_BB_contact_survival,three_corresponding_nac_bb,Any 3 corresponding C-ter BB,chain_pair,all,largest_cluster,39000.0,0.00011904761904761905,0.00016835875742536845,961.5654255119381,2992.2617182084514,1842.9746919746922,0.8,8.0,100.0,96,140,3
G4_Onmem_wall,$\mathrm{Hel}_{10}\mathrm{IDP}_{40}$-Mem,Cter_three_corresponding_BB_contact_survival,three_corresponding_nac_bb,Any 3 corresponding C-ter BB,chain_pair,all,largest_cluster,40000.0,0.00011904761904761905,0.00016835875742536845,961.5654255119381,2992.2617182084514,1842.9746919746922,0.8,8.0,100.0,96,140,3
G4_Onmem_wall,$\mathrm{Hel}_{10}\mathrm{IDP}_{40}$-Mem,Cter_three_corresponding_BB_contact_survival,three_corresponding_nac_bb,Any 3 corresponding C-ter BB,chain_pair,all,largest_cluster,41000.0,0.00011904761904761905,0.00016835875742536845,961.5654255119381,2992.2617182084514,1842.9746919746922,0.8,8.0,100.0,96,140,3
G4_Onmem_wall,$\mathrm{Hel}_{10}\mathrm{IDP}_{40}$-Mem,Cter_three_corresponding_BB_contact_survival,three_corresponding_nac_bb,Any 3 corresponding C-ter BB,chain_pair,all,largest_cluster,42000.0,0.00011904761904761905,0.00016835875742536845,961.5654255119381,2992.2617182084514,1842.9746919746922,0.8,8.0,100.0,96,140,3
G4_Onmem_wall,$\mathrm{Hel}_{10}\mathrm{IDP}_{40}$-Mem,Cter_three_corresponding_BB_contact_survival,three_corresponding_nac_bb,Any 3 corresponding C-ter BB,chain_pair,all,largest_cluster,43000.0,0.00011904761904761905,0.00016835875742536845,961.5654255119381,2992.2617182084514,1842.9746919746922,0.8,8.0,100.0,96,140,3
G4_Onmem_wall,$\mathrm{Hel}_{10}\mathrm{IDP}_{40}$-Mem,Cter_three_corresponding_BB_contact_survival,three_corresponding_nac_bb,Any 3 corresponding C-ter BB,chain_pair,all,largest_cluster,44000.0,0.00011904761904761905,0.00016835875742536845,961.5654255119381,2992.2617182084514,1842.9746919746922,0.8,8.0,100.0,96,140,3
G4_Onmem_wall,$\mathrm{Hel}_{10}\mathrm{IDP}_{40}$-Mem,Cter_three_corresponding_BB_contact_survival,three_corresponding_nac_bb,Any 3 corresponding C-ter BB,chain_pair,all,largest_cluster,45000.0,0.00011904761904761905,0.00016835875742536845,961.5654255119381,2992.2617182084514,1842.9746919746922,0.8,8.0,100.0,96,140,3
G4_Onmem_wall,$\mathrm{Hel}_{10}\mathrm{IDP}_{40}$-Mem,Cter_three_corresponding_BB_contact_survival,three_corresponding_nac_bb,Any 3 corresponding C-ter BB,chain_pair,all,largest_cluster,46000.0,0.00011904761904761905,0.00016835875742536845,961.5654255119381,2992.2617182084514,1842.9746919746922,0.8,8.0,100.0,96,140,3
G4_Onmem_wall,$\mathrm{Hel}_{10}\mathrm{IDP}_{40}$-Mem,Cter_three_corresponding_BB_contact_survival,three_corresponding_nac_bb,Any 3 corresponding C-ter BB,chain_pair,all,largest_cluster,47000.0,0.00011904761904761905,0.00016835875742536845,961.5654255119381,2992.2617182084514,1842.9746919746922,0.8,8.0,100.0,96,140,3
G4_Onmem_wall,$\mathrm{Hel}_{10}\mathrm{IDP}_{40}$-Mem,Cter_three_corresponding_BB_contact_survival,three_corresponding_nac_bb,Any 3 corresponding C-ter BB,chain_pair,all,largest_cluster,48000.0,0.00011904761904761905,0.00016835875742536845,961.5654255119381,2992.2617182084514,1842.9746919746922,0.8,8.0,100.0,96,140,3
G4_Onmem_wall,$\mathrm{Hel}_{10}\mathrm{IDP}_{40}$-Mem,Cter_three_corresponding_BB_contact_survival,three_corresponding_nac_bb,Any 3 corresponding C-ter BB,chain_pair,all,largest_cluster,49000.0,0.00011904761904761905,0.00016835875742536845,961.5654255119381,2992.2617182084514,1842.9746919746922,0.8,8.0,100.0,96,140,3
G4_Onmem_wall,$\mathrm{Hel}_{10}\mathrm{IDP}_{40}$-Mem,Cter_three_corresponding_BB_contact_survival,three_corresponding_nac_bb,Any 3 corresponding C-ter BB,chain_pair,all,largest_cluster,50000.0,0.00011904761904761905,0.00016835875742536845,961.5654255119381,2992.2617182084514,1842.9746919746922,0.8,8.0,100.0,96,140,3
G4_Onmem_wall,$\mathrm{Hel}_{10}\mathrm{IDP}_{40}$-Mem,Cter_three_corresponding_BB_contact_survival,three_corresponding_nac_bb,Any 3 corresponding C-ter BB,chain_pair,all,largest_cluster,51000.0,0.00011904761904761905,0.00016835875742536845,961.5654255119381,2992.2617182084514,1842.9746919746922,0.8,8.0,100.0,96,140,3
G4_Onmem_wall,$\mathrm{Hel}_{10}\mathrm{IDP}_{40}$-Mem,Cter_three_corresponding_BB_contact_survival,three_corresponding_nac_bb,Any 3 corresponding C-ter BB,chain_pair,all,largest_cluster,52000.0,0.00011904761904761905,0.00016835875742536845,961.5654255119381,2992.2617182084514,1842.9746919746922,0.8,8.0,100.0,96,140,3
G4_Onmem_wall,$\mathrm{Hel}_{10}\mathrm{IDP}_{40}$-Mem,Cter_three_corresponding_BB_contact_survival,three_corresponding_nac_bb,Any 3 corresponding C-ter BB,chain_pair,all,largest_cluster,53000.0,0.00011904761904761905,0.00016835875742536845,961.5654255119381,2992.2617182084514,1842.9746919746922,0.8,8.0,100.0,96,140,3
G4_Onmem_wall,$\mathrm{Hel}_{10}\mathrm{IDP}_{40}$-Mem,Cter_three_corresponding_BB_contact_survival,three_corresponding_nac_bb,Any 3 corresponding C-ter BB,chain_pair,all,largest_cluster,54000.0,0.00011904761904761905,0.00016835875742536845,961.5654255119381,2992.2617182084514,1842.9746919746922,0.8,8.0,100.0,96,140,3
G4_Onmem_wall,$\mathrm{Hel}_{10}\mathrm{IDP}_{40}$-Mem,Cter_three_corresponding_BB_contact_survival,three_corresponding_nac_bb,Any 3 corresponding C-ter BB,chain_pair,all,largest_cluster,55000.0,0.00011904761904761905,0.00016835875742536845,961.5654255119381,2992.2617182084514,1842.9746919746922,0.8,8.0,100.0,96,140,3
G4_Onmem_wall,$\mathrm{Hel}_{10}\mathrm{IDP}_{40}$-Mem,Cter_three_corresponding_BB_contact_survival,three_corresponding_nac_bb,Any 3 corresponding C-ter BB,chain_pair,all,largest_cluster,56000.0,0.00011904761904761905,0.00016835875742536845,961.5654255119381,2992.2617182084514,1842.9746919746922,0.8,8.0,100.0,96,140,3
G4_Onmem_wall,$\mathrm{Hel}_{10}\mathrm{IDP}_{40}$-Mem,Cter_three_corresponding_BB_contact_survival,three_corresponding_nac_bb,Any 3 corresponding C-ter BB,chain_pair,all,largest_cluster,57000.0,0.00011904761904761905,0.00016835875742536845,961.5654255119381,2992.2617182084514,1842.9746919746922,0.8,8.0,100.0,96,140,3
G4_Onmem_wall,$\mathrm{Hel}_{10}\mathrm{IDP}_{40}$-Mem,Cter_three_corresponding_BB_contact_survival,three_corresponding_nac_bb,Any 3 corresponding C-ter BB,chain_pair,all,largest_cluster,58000.0,0.00011904761904761905,0.00016835875742536845,961.5654255119381,2992.2617182084514,1842.9746919746922,0.8,8.0,100.0,96,140,3
G4_Onmem_wall,$\mathrm{Hel}_{10}\mathrm{IDP}_{40}$-Mem,Cter_three_corresponding_BB_contact_survival,three_corresponding_nac_bb,Any 3 corresponding C-ter BB,chain_pair,all,largest_cluster,59000.0,0.00011904761904761905,0.00016835875742536845,961.5654255119381,2992.2617182084514,1842.9746919746922,0.8,8.0,100.0,96,140,3
G4_Onmem_wall,$\mathrm{Hel}_{10}\mathrm{IDP}_{40}$-Mem,Cter_three_corresponding_BB_contact_survival,three_corresponding_nac_bb,Any 3 corresponding C-ter BB,chain_pair,all,largest_cluster,60000.0,0.00011904761904761905,0.00016835875742536845,961.5654255119381,2992.2617182084514,1842.9746919746922,0.8,8.0,100.0,96,140,3
G4_Onmem_wall,$\mathrm{Hel}_{10}\mathrm{IDP}_{40}$-Mem,Cter_three_corresponding_BB_contact_survival,three_corresponding_nac_bb,Any 3 corresponding C-ter BB,chain_pair,all,largest_cluster,61000.0,0.00011904761904761905,0.00016835875742536845,961.5654255119381,2992.2617182084514,1842.9746919746922,0.8,8.0,100.0,96,140,3
G4_Onmem_wall,$\mathrm{Hel}_{10}\mathrm{IDP}_{40}$-Mem,Cter_three_corresponding_BB_contact_survival,three_corresponding_nac_bb,Any 3 corresponding C-ter BB,chain_pair,all,largest_cluster,62000.0,0.00011904761904761905,0.00016835875742536845,961.5654255119381,2992.2617182084514,1842.9746919746922,0.8,8.0,100.0,96,140,3
G4_Onmem_wall,$\mathrm{Hel}_{10}\mathrm{IDP}_{40}$-Mem,Cter_three_corresponding_BB_contact_survival,three_corresponding_nac_bb,Any 3 corresponding C-ter BB,chain_pair,all,largest_cluster,63000.0,0.00011904761904761905,0.00016835875742536845,961.5654255119381,2992.2617182084514,1842.9746919746922,0.8,8.0,100.0,96,140,3
G4_Onmem_wall,$\mathrm{Hel}_{10}\mathrm{IDP}_{40}$-Mem,Cter_three_corresponding_BB_contact_survival,three_corresponding_nac_bb,Any 3 corresponding C-ter BB,chain_pair,all,largest_cluster,64000.0,0.00011904761904761905,0.00016835875742536845,961.5654255119381,2992.2617182084514,1842.9746919746922,0.8,8.0,100.0,96,140,3
G4_Onmem_wall,$\mathrm{Hel}_{10}\mathrm{IDP}_{40}$-Mem,Cter_three_corresponding_BB_contact_survival,three_corresponding_nac_bb,Any 3 corresponding C-ter BB,chain_pair,all,largest_cluster,65000.0,0.00011904761904761905,0.00016835875742536845,961.5654255119381,2992.2617182084514,1842.9746919746922,0.8,8.0,100.0,96,140,3
G4_Onmem_wall,$\mathrm{Hel}_{10}\mathrm{IDP}_{40}$-Mem,Cter_three_corresponding_BB_contact_survival,three_corresponding_nac_bb,Any 3 corresponding C-ter BB,chain_pair,all,largest_cluster,66000.0,0.00011904761904761905,0.00016835875742536845,961.5654255119381,2992.2617182084514,1842.9746919746922,0.8,8.0,100.0,96,140,3
G4_Onmem_wall,$\mathrm{Hel}_{10}\mathrm{IDP}_{40}$-Mem,Cter_three_corresponding_BB_contact_survival,three_corresponding_nac_bb,Any 3 corresponding C-ter BB,chain_pair,all,largest_cluster,67000.0,0.00011904761904761905,0.00016835875742536845,961.5654255119381,2992.2617182084514,1842.9746919746922,0.8,8.0,100.0,96,140,3
G4_Onmem_wall,$\mathrm{Hel}_{10}\mathrm{IDP}_{40}$-Mem,Cter_three_corresponding_BB_contact_survival,three_corresponding_nac_bb,Any 3 corresponding C-ter BB,chain_pair,all,largest_cluster,68000.0,0.00011904761904761905,0.00016835875742536845,961.5654255119381,2992.2617182084514,1842.9746919746922,0.8,8.0,100.0,96,140,3
G4_Onmem_wall,$\mathrm{Hel}_{10}\mathrm{IDP}_{40}$-Mem,Cter_three_corresponding_BB_contact_survival,three_corresponding_nac_bb,Any 3 corresponding C-ter BB,chain_pair,all,largest_cluster,69000.0,0.00011904761904761905,0.00016835875742536845,961.5654255119381,2992.2617182084514,1842.9746919746922,0.8,8.0,100.0,96,140,3
G4_Onmem_wall,$\mathrm{Hel}_{10}\mathrm{IDP}_{40}$-Mem,Cter_three_corresponding_BB_contact_survival,three_corresponding_nac_bb,Any 3 corresponding C-ter BB,chain_pair,all,largest_cluster,70000.0,0.00011904761904761905,0.00016835875742536845,961.5654255119381,2992.2617182084514,1842.9746919746922,0.8,8.0,100.0,96,140,3
G4_Onmem_wall,$\mathrm{Hel}_{10}\mathrm{IDP}_{40}$-Mem,Cter_three_corresponding_BB_contact_survival,three_corresponding_nac_bb,Any 3 corresponding C-ter BB,chain_pair,all,largest_cluster,71000.0,0.00011904761904761905,0.00016835875742536845,961.5654255119381,2992.2617182084514,1842.9746919746922,0.8,8.0,100.0,96,140,3
G4_Onmem_wall,$\mathrm{Hel}_{10}\mathrm{IDP}_{40}$-Mem,Cter_three_corresponding_BB_contact_survival,three_corresponding_nac_bb,Any 3 corresponding C-ter BB,chain_pair,all,largest_cluster,72000.0,0.00011904761904761905,0.00016835875742536845,961.5654255119381,2992.2617182084514,1842.9746919746922,0.8,8.0,100.0,96,140,3
G4_Onmem_wall,$\mathrm{Hel}_{10}\mathrm{IDP}_{40}$-Mem,Cter_three_corresponding_BB_contact_survival,three_corresponding_nac_bb,Any 3 corresponding C-ter BB,chain_pair,all,largest_cluster,73000.0,0.00011904761904761905,0.00016835875742536845,961.5654255119381,2992.2617182084514,1842.9746919746922,0.8,8.0,100.0,96,140,3
G4_Onmem_wall,$\mathrm{Hel}_{10}\mathrm{IDP}_{40}$-Mem,Cter_three_corresponding_BB_contact_survival,three_corresponding_nac_bb,Any 3 corresponding C-ter BB,chain_pair,all,largest_cluster,74000.0,0.00011904761904761905,0.00016835875742536845,961.5654255119381,2992.2617182084514,1842.9746919746922,0.8,8.0,100.0,96,140,3
G4_Onmem_wall,$\mathrm{Hel}_{10}\mathrm{IDP}_{40}$-Mem,Cter_three_corresponding_BB_contact_survival,three_corresponding_nac_bb,Any 3 corresponding C-ter BB,chain_pair,all,largest_cluster,75000.0,0.00011904761904761905,0.00016835875742536845,961.5654255119381,2992.2617182084514,1842.9746919746922,0.8,8.0,100.0,96,140,3
G4_Onmem_wall,$\mathrm{Hel}_{10}\mathrm{IDP}_{40}$-Mem,Cter_three_corresponding_BB_contact_survival,three_corresponding_nac_bb,Any 3 corresponding C-ter BB,chain_pair,all,largest_cluster,76000.0,0.00011904761904761905,0.00016835875742536845,961.5654255119381,2992.2617182084514,1842.9746919746922,0.8,8.0,100.0,96,140,3
G4_Onmem_wall,$\mathrm{Hel}_{10}\mathrm{IDP}_{40}$-Mem,Cter_three_corresponding_BB_contact_survival,three_corresponding_nac_bb,Any 3 corresponding C-ter BB,chain_pair,all,largest_cluster,77000.0,0.00011904761904761905,0.00016835875742536845,961.5654255119381,2992.2617182084514,1842.9746919746922,0.8,8.0,100.0,96,140,3
G4_Onmem_wall,$\mathrm{Hel}_{10}\mathrm{IDP}_{40}$-Mem,Cter_three_corresponding_BB_contact_survival,three_corresponding_nac_bb,Any 3 corresponding C-ter BB,chain_pair,all,largest_cluster,78000.0,0.00011904761904761905,0.00016835875742536845,961.5654255119381,2992.2617182084514,1842.9746919746922,0.8,8.0,100.0,96,140,3
